Name,Institution (Country code),Region (select from pulldown),Research Area 1 (select from pulldown),Research Area 2 (select from pulldown),Keywords,"Lab website (research website, Not linkedIn etc)",Career Stage Jr=asst prof or equiv; Sr=full prof or equiv),
"Blackwell, Meredith",Louisiana State Univ,North America,Evolution,,Yeasts; Insect-Fungi; Evolution,,Emeritus,
"Howlett, Barbara",University of Melbourne (AUS),Australia/NZ,Plant Pathology,Genetics/Genomics,"secondary metabolism, endophytes",http://www.findanexpert.unimelb.edu.au/display/person15961,Emeritus,
"Longcore, Joyce",U Maine (US),North America,Evolution,Ecology,Chytrids; Batrachochytrium,https://umaine.edu/chytrids/,Emeritus,
"Powell, Martha",University of Alabama (US),North America,Evolution,Cell biology,"chytrids, taxonomy",http://chytrid.as.ua.edu/,Emeritus,
"Aime, Catherine",Purdue Univ (US),North America,Plant Pathology,Evolution,Rust fungi; Evolution; Biodiversity; Biogeography,https://ag.purdue.edu/btny/Pages/Profile.aspx?strAlias=maime,Intermediate,
"Alastruey-Izquierdo, Ana",Instituto de Salud Carlos III (ES),Europe,Medical Mycology,Genetics/Genomics,"Azole resistance, genomics",https://www.isciii.es/QuienesSomos/CentrosPropios/CNM/Micologia/Paginas/default.aspx,Intermediate,
"Andersen, Birgitte",Technical University of Denmark (DK),Europe,Biotechnology,Ecology,"Indoor mycology; Mycotoxins; Biodiversity; Ascomycetes, Taxonomy",http://www.bio.dtu.dk/english/Research/Research-groups/Fungal_Degradation,Intermediate,
"Bachewich, Catherine",Concorida (CA),North America,Medical Mycology,Cell biology,Candida morphogenesis and Cell Cycle,https://www.concordia.ca/artsci/biology/faculty.html?fpid=catherine-bachewich,Intermediate,
"Ballini, Elsa",Montpellier SupAgro (FR),Europe,Plant Pathology,Genetics/Genomics,Magnaporthe oryzae; Rice blast; Genomics; Genetics; Nitrogen metabolism; Defense metabolism; Plant-Microbe interactions,https://www.researchgate.net/profile/Elsa_Ballini,Intermediate,
"Barker, Bridget",N. Arizona Uni (US),North America,Medical Mycology,Genetics/Genomics,Coccidioides,https://www.valley-fever.com/,Intermediate,
"Barnes, Irene","Forestry and Agricultural Biotechnology Institute, Pretoria (ZA)",Africa,Plant Pathology,Genetics/Genomics,Forest Pathology; Taxonomy; Phylogeny; Population genetics; Genomics; Mycosphaerellaceae; Ceratocystis,http://www.fabinet.up.ac.za/index.php/people-profile?profile=957,Intermediate,
"Bertolini, Maria Celia","Instituto de Química, UNESP (BR)",South America,Biochemistry,Genetics/Genomics,"Neurospora; glucose metabolism, transcription factor",,Intermediate,
"Bertuzzi, Margherita",University of Manchester (UK),Europe,Medical Mycology,Cell biology,,https://www.research.manchester.ac.uk/portal/margherita.bertuzzi.html,Intermediate,
"Bignell, Elaine",University of Exeter (UK),Europe,Medical Mycology,Genetics/Genomics,Med Micro; Aspergillus,http://biosciences.exeter.ac.uk/staff/profile/index.php?web_id=Elaine_Bignell,Intermediate,
"Blair, Jaime",Franklin & Marshall,North America,Genetics/Genomics,Evolution,Phylogenetics; Genomics; Oomycetes,http://www.fandm.edu/jaime-blair,Intermediate,
"Bousset-Vaslin, Lydia","INRA, Rennes (FR)",Europe,Plant Pathology,Ecology,Leptosphaeria maculans; Phoma stem canker; Epidemiology; Modeling; Population biology; Metapopulations,https://www6.rennes.inra.fr/igepp_eng/Personnel/B/Bousset-Vaslin-Lydia,Intermediate,
"Brand, Alexandra",Univ of Exeter (UK),Europe,Cell biology,Development,Med Micro; Candida,http://www.abdn.ac.uk/ims/research/microbiology/profiles/a.brand,Intermediate,
"Brem, Rachel",Buck Institute,North America,Genetics/Genomics,Evolution,Genetics; Genomics; Saccharomyces,https://www.buckinstitute.org/bremLab,Intermediate,
"Burgess, Treena",Murdoch University (AU),Europe,Plant Pathology,Ecology,Phytophthora; phylogenetics; forest pathology; population genetics; landscape ecology,http://www.cpsm-phytophthora.org/,Intermediate,Starts summer 2018
"Chadha, Sonia",Bhabha Atomic Research Centre (IN),Asia,Plant Pathology,Biotechnology,"Antifungal peptides, Phylogenomics, Evolution, Transposable Elements, Magnaporthe oryzae",https://www.researchgate.net/profile/Sonia-Chadha-2,Intermediate,
"Chaverri, Priscilla",University of Maryland (US) & Universidad de Costa Rica (CR),North America,Plant Pathology,Evolution,"Systematics, Trichoderma, Endophytes, Plant Pathology",https://psla.umd.edu/people/dr-priscila-chaverri,Intermediate,
"Chowdhary, Anuradha",University of Delhi (IN),Asia,Medical Mycology,Genetics/Genomics,"Antifungal resistance, molecular typing and epidemiology of emerging pathogenic fungi. Candida auris",http://www.vpci.org.in/pageLevel.php?id=11&cat=implinks&subid=47&subcat=implinks_sublinks_sublinks,Intermediate,
"Cowen, Leah",Univ of Toronto (CA),North America,Cell biology,Medical Mycology,Genomics; Functional Genomics; Drug Resistance; Evolution; Candida,http://individual.utoronto.ca/cowen/,Intermediate,
"Crosthwaite, Susan",University of Manchester (UK),Europe,Genetics/Genomics,Signaling,"Neurosora, circadian clock regulation,",http://www.manchester.ac.uk/research/susan.crosthwaite/,Intermediate,
"Crouch, JoAnne",ARS Systematic Mycology Lab (US),North America,Evolution,Plant Pathology,"Genomics, Phylogenetics, Systematics, Oomycete and Fungal emerging pathogens of grasses and ornamentals",http://www.ornamentalpathology.com/,Intermediate,
"Davey, Marie",Univ of Oslo,Europe,Ecology,Evolution,Mycorrhizae; bryophilous fungi; fungal population biology,http://www.mn.uio.no/ibv/personer/vit/marieda/,Intermediate,
"Donofrio, Nicole",Univ Deleware,North America,Genetics/Genomics,Plant Pathology,Magnaporthe; Plant Pathology; Genetics,http://canr.udel.edu/faculty/donofrio-nicole/,Intermediate,
"Dunham, Maitreya",Univ of Washington,North America,Genetics/Genomics,Cell biology,Genetics; Saccharomyces,http://dunham.gs.washington.edu/,Intermediate,
Edith Sanchez Paredes,Universidad Nacional Autonoma de Mexico,North America,Medical Mycology,Cell biology,"Cryptococcus, Candida, Kluyveromyces",,Intermediate,
"Fairhead, Cécile",Univ Paris-Sud 11 (FR),Europe,Evolution,Genetics/Genomics,Evolutionary Biology; Saccharomyces,https://www.researchgate.net/profile/Cecile_Fairhead,Intermediate,
"Foulongne-Oriol, Marie","INRA, Bordeaux (FR)",Europe,Plant Pathology,Genetics/Genomics,Quantitative genetics; QTL; Genomics; Agaricus; Fusarium Head Blight; Mycotoxins,https://www.researchgate.net/profile/Marie_Foulongne-Oriol,Intermediate,
"Fournier, Elisabeth","INRA, Montpellier (FR)",Europe,Plant Pathology,Genetics/Genomics,Magnaporthe oryzae; Rice blast; Population genetics; Population genomics; Tropical plant pathology,https://www.researchgate.net/profile/Elisabeth_Fournier,Intermediate,
"Fryar, Sally","Flinders University, (AUS)",Australia/NZ,Ecology,Evolution,"Freshwater fungi, marine fungi, ascomycete taxonomy, hyphomycete taxonomy",https://www.flinders.edu.au/people/sally.fryar,Intermediate,
"Fudal, Isabelle","INRA, Grignon (FR)",Europe,Plant Pathology,Genetics/Genomics,Leptosphaeria maculans; Phoma stem canker; Genetics; Genomics; Effectors; Plant-Microbe Interactions; Epigenetics,https://www.researchgate.net/profile/Isabelle_Fudal,Intermediate,
"Garzon, Carla",Oklahoma State University (US),North America,Plant Pathology,Genetics/Genomics,Population biology; Soilborne; Pythium; hormesis,http://entoplp.okstate.edu/profiles/profiles/garzon.html,Intermediate,
"Gasch, Audrey",Univ Wisconsin (US),North America,Genetics/Genomics,Biotechnology,Evolution; Genomics; Saccharomyces,http://genetics.wisc.edu/Gasch.htm,Intermediate,
"Gaulin, Elodie",University of Toulouse (FR),Europe,Plant Pathology,Genetics/Genomics,Oomycetes; Genomics; Signaling; Plant-Microbe interactions,https://www.researchgate.net/profile/Elodie_Gaulin,Intermediate,
"Gaya, Ester","Royal Botanical Gardens, Kew (UK)",Europe,Evolution,Ecology,Systematics; Fungal biodiversity; Taxonomy,https://www.kew.org/science/who-we-are-and-what-we-do/people/ester-gaya,Intermediate,
"Gladfelter, Amy","Univ of North Carolina, Chapel Hill",North America,Cell biology,Genetics/Genomics,Fungal Cell Biology; Ashbya,http://gladfelterlab.web.unc.edu/,Intermediate,
"Haden, Helen","Ariculture Victoria, Victoria State Gov (AU)",Australia/NZ,Ecology,Plant Pathology,"Microbial Ecology, Rhizoctonia, Plant-Soil-Microbe interactions, omics",http://agriculture.vic.gov.au/,Intermediate,
"Hadziabdic Guerry, Denita",Univ Tennessee (US),North America,Plant Pathology,Evolution,Population genetics; Molecular Biology; Tree pathology; Diversity; Plant disease,https://ag.tennessee.edu/EPP/Pages/HadziabdicGuerryLab.aspx,Intermediate,
"Hambleton, Sarah",Agriculture and Agri-Food Canada (CA),North America,Evolution,Plant Pathology,"Evolution, Genomics, Rust Fungi",http://www.agr.gc.ca/eng/science-and-innovation/research-centres/ontario/ottawa-research-and-development-centre/scientific-staff-and-expertise/hambleton-sarah-phd/?id=1181939949305,Intermediate,
"Hawkes, Christine",NC State Univ (US),North America,Ecology,Genetics/Genomics,"plant-fungal interactions, phytobiome, endophytes, mycorrhizas, soil fungi",https://sites.cns.utexas.edu/hawkeslab/,Intermediate,
"Hayden, Helen","Agriculture Victoria, Victoria State Gov (AU)",Australia/NZ,Ecology,Plant Pathology,"Microbial Ecology, Rhizoctonia, Plant-Soil-Microbe interactions, omics",http://agriculture.vic.gov.au/,Intermediate,
"Hodge, Kathie",Cornell University (US),North America,Evolution,Plant Pathology,Systematics,http://www.plantpath.cornell.edu/labs/hodge/,Intermediate,
"Hogan, Deborah",Dartmouth Univ (US),North America,Medical Mycology,Genetics/Genomics,Fungal-Bacterial interactions; Candida,https://geiselmed.dartmouth.edu/faculty/facultydb/view.php?uid=2817,Intermediate,
"Hoving, Jennifer Claire",Universtiy of Cape Town,Africa,Medical Mycology,Immunology,"pneumocystis, Emergomyces africanus, C-type lectins",http://www.idm.uct.ac.za/Claire_Hoving,Intermediate,
"Hoyer, Katrina",University of California Merced (US),North America,Immunology,Medical Mycology,Coccidioides; Animal Models; immunity therapies,https://www.ucmerced.edu/content/katrina-k-hoyer,Intermediate,
"Hull, Christina",Univ Wisconsin (US),North America,Medical Mycology,Genetics/Genomics,Med Micro; Cryptococcus,http://bmolchem.wisc.edu/hull.htm,Intermediate,
"Hynson, Nicole","Univ. Hawaii, Manoa (US)",North America,Ecology,Evolution,Community Ecology of Fungi,http://www2.hawaii.edu/~nhynson/Hynson_Lab/Welcome.html,Intermediate,
Isabel Munck,USDA Forest Service (US),North America,Plant Pathology,Ecology,"Forest pathology. forest health, forest management",https://www.researchgate.net/profile/Isabel_Munck,Intermediate,
"Jacobsen, Ilse","HKI, Leibniz (GE)",Europe,Immunology,Medical Mycology,"Animal models, mucosal-pathogen interaciton",https://www.leibniz-hki.de/en/institut-staff-details.html?member=85,Intermediate,
"Jimenez Gasco, Maria Del Mar",Penn State University (US),North America,Plant Pathology,,Fusarium and Verticillium wilts,http://plantpath.psu.edu/directory/mxj22,Intermediate,
"Johannesson, Hanna",Uppsala Univ (SE),Europe,Evolution,Genetics/Genomics,Evolution; Genomics; Neurospora,http://www.iob.uu.se/research/systematic-biology/johannesson,Intermediate,
"Kagami, Maiko","Toho University, Tokyo, Japan",Asia,Ecology,Evolution,"aquatic ecology, chytrid, mycoloop",http://www.lab.toho-u.ac.jp/sci/env/kagami/english/index.html,Intermediate,
"Kidd, Sarah",South Australia Pathology (AU); Univ Adelaide (AU),Australia/NZ,Medical Mycology,,"Antifungals, Human pathogens, Cryptococcus, Aspergillus, Diagnostics",https://mycology.adelaide.edu.au/,Intermediate,
"LeibundGut-Landmann, Salome",University of Zurich (CH),Europe,Immunology,Medical Mycology,"Malassezia, Candida, barrier immunity, IL-17",https://www.vetvir.uzh.ch/de/Research/Immunology.html,Intermediate,
"Limón, Carmen",University of Seville (ES),Europe,Genetics/Genomics,Biotechnology,"Fusarium, secondary metabolism, carotenoid biosynthesis",http://personal.us.es/fraavacor/fg/Home.html,Intermediate,
"Lin, Xiaorong",Texas A&M (US),North America,Medical Mycology,,"Med micro; Cryptococcus, Aspergillus",http://www.bio.tamu.edu/index.php/texas-am-department-of-biology-2/faculty-xiaorong-lin/,Intermediate,
"Loesgen, Sandra",University of Florida (US),North America,Biochemistry,Genetics/Genomics,"Metabolites, Natural Products Chemistry, antifungals",http://loesgenlab.org/index.html,Intermediate,
"Luangsa-Ard, Jennifer",National Center for Genetic Engineering and Biotechnology (BIOTEC) (Thailand),Asia,Evolution,Ecology,Insect fungal diversity,https://www.researchgate.net/profile/Janet_Luangsa-Ard,Intermediate,
"MacCallum, Donna",Univ of Aberdeen (UK),Europe,Medical Mycology,,Virulence; Host-Pathogen interactions; Candida,https://www.abdn.ac.uk/ims/research/microbiology/profiles/d.m.maccallum,Intermediate,
"McGuire, Krista",University of Oregon (US),North America,Ecology,,"mycorrhizal fungi, tropical ecology, urban ecology, human land use",https://mcguiremicrobialecology.com/,Intermediate,
"Morel-Rouhier, Mélanie",University of Lorraine (FR),Europe,Biochemistry,Genetics/Genomics,Phanerochaete chrysosporium; Wood decayers; White rot fungi; Saprophytic fungi; Fungal physiology; Biochemistry; Detoxification; Oxidative stress response; Glutathione transferases,http://mycor.nancy.inra.fr/IAM/?page_id=108,Intermediate,
"Mouriño Pérez, Rosa",CICESE (MX),North America,Cell biology,,Cell biology; Imaging; Neurospora; Aspergillus,http://www.cicese.edu.mx/int/index.php?mod=persacd&dep=6801&op=fpa&numemp=2388,Intermediate,
"Munro, Carol",Univ of Aberdeen (UK),Europe,Cell biology,,Med Micro; Candida,http://www.abdn.ac.uk/ims/profiles/c.a.munro,Intermediate,
"Neuvéglise, Cécile",MICALIS (INRA-AgroParisTech) (FR),Europe,Genetics/Genomics,,Genomics; Cell Biology; Yarrowia,https://www.micalis.fr/Poles-et-Equipes/Pole-Biosys/BIMLip-Nicaud-Neuveglise/Membres-de-l-equipe/Cecile-Neuveglise,Intermediate,
"Nielsen, Kirsten",Unv Minnesota,North America,Medical Mycology,,Med Micro; Cryptococcus,http://www.micab.umn.edu/faculty/Nielsen.html,Intermediate,
"Noble, Suzanne","Univ California, San Francisco",North America,Medical Mycology,,Genetics; Pathogenesis; Candida,http://noblelab.ucsf.edu/users/suzanne-noble,Intermediate,
"Noverr, Mairi",Louisiana State Univ,North America,Medical Mycology,,Med Mycol;,https://www.medschool.lsuhsc.edu/microbiology/faculty_detail.aspx?name=noverr_mairi,Intermediate,
"Nowrousian, Minou",Ruhr University Bochum (DE),Europe,Genetics/Genomics,Development,Development; Genomics; Sordaria; Pyrenophora,http://homepage.ruhr-uni-bochum.de/Minou.Nowrousian/,Intermediate,
"Öpik, Maarja",University of Tartu (EE),Europe,Evolution,Ecology,AMF; Taxonomy;,https://www.botany.ut.ee/planteco/en/staff/maarja_opik.html,Intermediate,
"Orejas, Margarita","Instituto de Tecnología de los Alimentos (IATA, CSIC) (ES)",Europe,Biochemistry,Biotechnology,"Aspergillus, enzyme production",http://w1.iata.csic.es/IATA/dbio/hong/?i=en,Intermediate,
"Parra-Giraldo, Claudia M.",Pontificia Universidad Javeriana (CO),South America,Medical Mycology,Cell biology,"Antifungals, Resistance, Candida, Cryptococcus, Aspergillus",http://ciencias.javeriana.edu.co/gei/integrantes,Intermediate,
"Partida-Martínez, Laila",Cinvestav (MX),North America,Plant Pathology,Genetics/Genomics,Bacteria-Fungi interactions; Plant Microbe Interactions; Plant Pathology,http://www.ira.cinvestav.mx/LMI.aspx,Intermediate,
"Pastor-Fuentes, Victoria",University Jaume I (ES),Europe,Plant Pathology,Signaling,"Induced resisitance, priming, plant defense, plant-microbe interaction, metabolomics.",​www.nitropriming.wordpress.com,Intermediate,
"Pawlowska, Teresa",Cornell University (US),North America,Evolution,Genetics/Genomics,Plant Microbe Interactions; Evolution; Arbuscular Mycorrhizal Fungi,http://www.plantpath.cornell.edu/labs/pawlowska/Teresa.html,Intermediate,
"Pöggeler, Stefanie",Georg-August-Universität (DE),Europe,Development,Evolution,Development; Genetics; Sordaria,https://www.uni-goettingen.de/en/prof-dr-stefanie-poumlggeler/435740.html,Intermediate,
"Pohl, Carolina",University of the Free State (RSA),Africa,Genetics/Genomics,,"oxylipin signaling, spore development",http://natagri.ufs.ac.za/templates/staffmember.aspx?DCode=112&pid=2a%2FOeZ9e6Eo%3D,Intermediate,
"Porras-Alfaro, Andrea",Western Illinois Univ,North America,Ecology,Genetics/Genomics,Mycology; Evolution,http://www.wiu.edu/cas/biological_sciences/faculty/porrasalfaro.php,Intermediate,
"Pringle, Anne",Univ Wisconsin (US),North America,Ecology,Evolution,Ecology; Evolution; Mushrooms,http://www.botany.wisc.edu/pringlelab/,Intermediate,
"Ramirez, Lucia",University of Navarra (ES),Europe,Genetics/Genomics,Biotechnology,"Pleurotus, biotechnology, mushroom development",http://www.unavarra.es/dep-produccionagraria/personal/personal-docente-e-investigador?rangoLetras=rst&uid=425,Intermediate,
"Rao, Reeta",Worcester Polytechnic Institute (US),North America,Medical Mycology,Genetics/Genomics,Virulence factors; Immunity; cell biology,https://www.wpi.edu/people/faculty/rpr,Intermediate,
"Ridgway, Hayley",Lincoln Univeristy (US),Australia/NZ,,,"Mycorrhiza, biocontrol",http://www.lincoln.ac.nz/staff?letter=R&page=1&StaffID=RIDGWAY&filtercsv=false&title=false&intro=false&maxrows=false&noframe=false&facultybu=false&ludepartment=false&first=false&tab=false,Intermediate,
"Robertson, Alison",Iowa State Univ (US),North America,Plant Pathology,,"Plant Pathology, corn and soybean diseases, inc. emerging diseases (Extension)",https://www.plantpath.iastate.edu/people/alison-robertson,Intermediate,
"Rosling, Anna",Uppsala Univ (SE),Europe,Evolution,Ecology,Evolution; Molecular Ecology; Archaeorhizomycetes,http://www.ieg.uu.se/evolutionary-biology/rosling/,Intermediate,
"Rosso, Marie-Noelle","INRA, Marseille (FR)",Europe,Genetics/Genomics,Biotechnology,Cell wall degrading enzymes; Wood decayers; CAZymes,,Intermediate,
"Rusche, Laura",University at Buffalo (US),North America,Cell biology,Genetics/Genomics,Chromatin; Saccharomyces,https://arts-sciences.buffalo.edu/biological-sciences/faculty/faculty-directory/laura-rusche/rusche-lab.html,Intermediate,
"Saunders, Diane",John Innes Centre (UK),Europe,Plant Pathology,,field pathogenomics,https://www.jic.ac.uk/directory/diane-saunders/,Intermediate,
"Schuldiner, Maya",Weizmann Institute (IL),Europe,Cell biology,Genetics/Genomics,Functional genomics of organelles,http://mayaschuldiner.wixsite.com/schuldinerlab,Intermediate,
"Schumacher, Julia",BAM - Berlin (GE),Europe,Cell biology,Genetics/Genomics,"Knufia, Botrytis, plant pathology",https://scholar.google.com/citations?user=R-q6dCMAAAAJ&hl=de,Intermediate,
"Selbmann, Laura",Univ Tuscia (IT),Europe,Ecology,Evolution,Extremophiles; Endolithic microbes; Antarctica and Polar Biology,http://olddafne.unitus.it/web/interna.asp?idPag=3265,Intermediate,
"Selmecki, Anna",University of Minnesota (USA),North America,Genetics/Genomics,Evolution,Genome Instability; Saccharomyces; Candida,http://www.selmeckilab.com/,Intermediate,
"Sesma, Anne",Univ. Politécnica MADRID (ES),Europe,Genetics/Genomics,Plant Pathology,Plant path; Magnaporthe,http://www.anesesma.org/research.htm,Intermediate,
"Stukenbrock, Eva",MPI-Kiel (DE),Europe,Evolution,Genetics/Genomics,Evolution; Population Genetics; Zymoseptoria,https://www.envgenomics.botanik.uni-kiel.de/en/eva-h.-stukenbrock,Intermediate,
"Sukno, Serenella A.",University of Salamanca (USAL),Europe,Genetics/Genomics,Plant Pathology,Plant-Microbe interactions; Colletotrichum,http://bioinformatica.vil.usal.es,Intermediate,
"Thevissen, Karin",Katholieke Universiteit Leuven (BE),Europe,,,"Candida; biofilms, antimicrobial peptides",https://bio.kuleuven.be/pf/functional_biology/staff-1/00016699,Intermediate,
"Traven, Ana",Monash Univ (AUS),Australia/NZ,Medical Mycology,,Candida pathogenesis; mitochondria,http://www.med.monash.edu.au/biochem/staff/traven.html,Intermediate,
"Troemel, Emily","Univ California, San Diego",North America,Genetics/Genomics,Cell biology,Pathogenesis; Microsporidia,http://labs.biology.ucsd.edu/troemel/,Intermediate,
Ulrike Binder,Medical University of Innsbruck (AT),Europe,Medical Mycology,,"Mucormycetes, molds, antifungals, alternative models",https://www.i-med.ac.at/hygiene/forschungsbindercvv2.html.de,Intermediate,
"Untereiner, Wendy","Brandon University, MB (Canada)",North America,Evolution,Plant Pathology,Taxonomy; phylogeny; pyrenomycetes,http://people.brandonu.ca/untereiner/,Intermediate,
"Veneault-Fourrey, Claire",University of Lorraine (FR),Europe,Genetics/Genomics,Signaling,Ectomycorrhizal fungi; Symbiosis; Genomics; Signaling; Plant-Microbe interactions,http://mycor.nancy.inra.fr/IAM/?page_id=708,Intermediate,
"Viaud, Muriel","INRA, Grignon (FR)",Europe,Plant Pathology,Genetics/Genomics,Botrytis; Necrotrophy; Enzymes; Genomics; Fungicides; Secondary metabolism; Cell wall,https://www.researchgate.net/profile/Muriel_Viaud,Intermediate,
"Vilkova, Slavena",Hans-Knoll Institute (DE),Europe,Immunology,Genetics/Genomics,host fungal interaction,https://www.leibniz-hki.de/en/staff-details.html?member=846,Intermediate,
"Walker, Anne-Sophie","INRA, Grignon (FR)",Europe,Plant Pathology,Evolution,"Botrytis, Septoria, Fungicide-resistance, population survey, population dynamics",https://www.researchgate.net/profile/Anne-Sophie_Walker,Intermediate,
"Yahr, Rebecca",Royal Botanical Gardens Edinburgh (UK),Europe,Ecology,Evolution,Lichen; Symbiosis,https://rbg-web2.rbge.org.uk/lichen/staff_profiles/yahr/rebecca_yahr.html,Intermediate,
"Young, Carolyn",Noble Foundation,North America,Genetics/Genomics,Plant Pathology,Endophyte; Genomics; Epichloe,http://www.noble.org/staff/young-carolyn/,Intermediate,
"Zalante, Teresa",University of Perugia (IT),Europe,Immunology,Medical Mycology,,https://www.unipg.it/personale/teresa.zelante,Intermediate,
"Zhang, Ning",Rutgers University,North America,Evolution,Plant Pathology,"phylogeny, phylogenomics, plant pathogens; bidiversity",http://plantbiopath.rutgers.edu/faculty/zhang/Ning_Zhang.html,Intermediate,
"Zuccaro, Alga",Univ Cologne (DE),Europe,Ecology,Genetics/Genomics,Plant-Microbe interactions; Ectomycorrhizal Fungi,http://ceplas.eu/en/faculty/alga-zuccaro/,Intermediate,
"Adams, Rachel","Univ California, Berkeley (US)",North America,Ecology,Evolution,Indoor mycology; Microbial Ecology,,Junior,
"Alcazar-Fuoli, Laura",Instituto de Salud Carlos III (ES),Europe,Medical Mycology,Genetics/Genomics,"Azole resistance, genomics",https://www.isciii.es/QuienesSomos/CentrosPropios/CNM/Micologia/Paginas/default.aspx,Junior,
"Arrieta, Marie-Claire",University of Calgary,North America,Genetics/Genomics,Immunology,"microbiome, metabolism, immunology",https://www.arrietalab.com/,Junior,
"Ballou, Elizabeth",Univ of Exeter (UK),Europe,Medical Mycology,Genetics/Genomics,Cell Biology; Titan cells; Cryptococcus; Rhizopus; endosymbionts,http://biosciences.exeter.ac.uk/staff/profile/?web_id=elizabeth_ballou,Junior,
"Barber, Amelia","HKI, Leibniz",Europe,Medical Mycology,Genetics/Genomics,"Ecology, pathogenicity, bioinformatics",https://www.leibniz-hki.de/en/fungal-informatics.html,Junior,
"Beattie, Sarah",University of Iowa (US),North America,Medical Mycology,Biotechnology,Aspergillus; antifungals;,https://labbeattie.prod.drupal.uiowa.edu/,Junior,
"Benoit, Isabelle",Concordia (CA),North America,Biotechnology,Genetics/Genomics,Aspergillus,https://www.concordia.ca/artsci/biology/faculty.html.html?fpid=isabelle-benoit-gelber,Junior,
"Bensasson, Douda",University of Georgia (US),North America,Evolution,Genetics/Genomics,"population genetics, bioinformatics, wild Saccharomyces, Candida",http://www.plantbio.uga.edu/directory/people/douda-bensasson,Junior,
"Beyhan, Sinem",J. Craig Venter Institute (US),North America,Medical Mycology,Genetics/Genomics,"Histoplasma, heat shock, genomics",https://www.jcvi.org/about/sinem-beyhan,Junior,
"Boynton, Primrose",Wheaton College Massachusetts (US),North America,Evolution,Ecology,"Wild yeast, evolution, Saccharomyces paradoxus",https://departments.wheatoncollege.edu/faculty/boynton-primrose/,Junior,
"Branco, Sara",University of Colorado-Denver (US),North America,Ecology,Evolution,Adaptation; Population Genomics; Comparative Genomics; Community Ecology; Fungal Diversity,https://saramayerbranco.wixsite.com/brancolab,Junior,
"Bransgrove, Kaylene",Queensland Plant Pathology Herbarium,Australia/NZ,Evolution,Ecology,Taxonomy; phylogeny,https://gcc02.safelinks.protection.outlook.com/?url=http%3A%2F%2Fcollections.daf.qld.gov.au&data=02%7C01%7C%7C7e583cfe8ed943d926cf08d730cdc066%7Ced5b36e701ee4ebc867ee03cfa0d4697%7C0%7C0%7C637031532573027882&sdata=CTzRo8S%2F%2BRKnvLhkiNOba7RU4ouyL2qi04R80m%2FK9OE%3D&reserved=0,Junior,
"Brewer, Marin",Univ Georgia (US),North America,Plant Pathology,Genetics/Genomics,Evolution; Population genetics; Plant Pathology,http://plantpath.caes.uga.edu/personnel/faculty/Brewer.html,Junior,
"Brown, Jessica",Univ of Utah (US),North America,Genetics/Genomics,Medical Mycology,Med Micro; Cryptococcus,http://www.bioscience.utah.edu/faculty/molecular-biology-faculty/brown/,Junior,
"Busby, Posy",Oregon State,North America,Ecology,Evolution,Plant-Fungal Ecology,http://posybusby.com,Junior,
"Buscaino, Alessia",Univ Kent,Europe,Genetics/Genomics,Cell biology,Candida; chromatin; Epigenetics,https://www.kent.ac.uk/bio/profiles/staff/buscaino.html,Junior,
"Bushley, Katheryn",Univ of Minnesota,North America,Genetics/Genomics,Biochemistry,Secondary Metabolites; Genomics; Tolypocladium,http://cbs.umn.edu/contacts/kathryn-bushley,Junior,
"Cano, Liliana",University of Florida (US),North America,Plant Pathology,Genetics/Genomics,oomycete-plant interactions,http://www.irrec.ifas.ufl.edu/cano/,Junior,
"Chapman, Toni",New South Wales Department of Primary Industries,Australia/NZ,Plant Pathology,Genetics/Genomics,Diagnostics,,Junior,
"Chaudhary, Bala",Dartmouth University (US),North America,Ecology,,Biogeography of AMF; Mycorrhizae; Soil Ecology,https://balachaudhary.com,Junior,
"Cheeke, Tanya",Washington State University (US),North America,Ecology,Evolution,Ecology and evolution of plant-microbial interactions,https://tanyacheeke.com/,Junior,
"Chen, Wen",Agriculture & Agri-Food Canada (CA),North America,Ecology,Evolution,Amplicon based metagenomics; bioinformatics,https://ca.linkedin.com/in/wenchenaafc,Junior,
"Childers, Delma",University of Aberdeen (UK),Europe,Genetics/Genomics,Medical Mycology,"Candida, host-pathogen interactions",,Junior,
"Christensen, Jenna",Northwestern University (US),North America,Cell biology,Biochemistry,intracellular transport in filamentous fungi; Aspergillus nidulans,https://thechristensenlab.com/,Junior,
"Cleary, Michelle",Swedish University of Agricultural Sciences (SE),Europe,Plant Pathology,Ecology,Forest Pathology; Population genetics; Invasive pathogens; Molecular diagnostics; Fungal community analysis; Ash dieback,http://www.slu.se/sv/institutioner/sydsvensk-skogsvetenskap/personal/michelle-cleary/,Junior,
"Coelho, Carolina",University of Exeter (UK),Europe,Medical Mycology,Immunology,Cryptococcus,http://biosciences.exeter.ac.uk/staff/profile/index.php?web_id=Carolina_Coelho,Junior,
"Constable, Fiona",Victorian Department of Environment and Primary Industries,Australia/NZ,Plant Pathology,Genetics/Genomics,Diagnostics,,Junior,
"Coste, Alix","Univ Lausanne, Switzerland (CH)",Europe,,,Candida; drug resistance mechanisms,https://applicationspub.unil.ch/interpub/noauth/php/Un/UnPers.php?PerNum=28682&LanCode=37,Junior,
"Cunha, Cristina",University of Mino (PT),Europe,Medical Mycology,Genetics/Genomics,,http://www.icvs.uminho.pt/about-icvs/people/cristinacunha,Junior,
"Czislowski, Elizabeth",Queensland Department of Agriculture and Fisheries,Australia/NZ,Plant Pathology,Genetics/Genomics,Diagnostics,,Junior,
Deborah Palacios Reyes,Instituto Nacional de Pediatria (MEX),North America,Medical Mycology,,"Clinical mycology, Paediatrics",,Junior,
"Delliere, Sarah",Institut Pasteur/Hôpital Saint-Louis (FR),Europe,,Medical Mycology,"Aspergillus, Fungal Diagnostic test, Resistance",https://www.researchgate.net/profile/Sarah-Delliere,Junior,
"Diezmann, Stephanie",Univ of Bristol (UK),Europe,Medical Mycology,Genetics/Genomics,Hsp90 & Heat Shock; Evolution; Candida,http://www.yeast-genetics.co.uk/,Junior,
"Drummond, Rebecca",University of Birmingham (UK),Europe,Medical Mycology,Genetics/Genomics,Innate immunology; Candida,https://www.birmingham.ac.uk/staff/profiles/immunology-immunotherapy/drummond-rebecca.aspx,Junior,
"Dsouza, Maria Augusta","Dhempe College of Arts & Science, India",Asia,Evolution,Plant Pathology,Hyphomycete taxonomy,,Junior,
"Dutton, Rachel","Univ California, San Diego",North America,Ecology,Genetics/Genomics,Fungal Ecology; Cheese Microbiome,https://biology.ucsd.edu/research/faculty/rjdutton,Junior,
"Eaton, Carla",Massey University (NZ),Australia/NZ,Genetics/Genomics,Signaling,"grass endophytes, lipid signalling",http://www.massey.ac.nz/massey/expertise/profile.cfm?stref=568150,Junior,
"Elya, Carolyn",Harvard University (US),North America,,,Entomophtora; behavior-manipulating fungi,https://carolynelya.com/,Junior,
"Ene, Iuliana",Institut Pasteur,Europe,Genetics/Genomics,Medical Mycology,"Candida, drug resistance, antifungals, genome evolution",,Junior,
"Esher Righi, Shannon",Tulane University (US),North America,Medical Mycology,Immunology,Innate immunology; Candida,,Junior,
"Fisher, Monika",University of British Columbia (BC),North America,Genetics/Genomics,Ecology,Fire adaptated fungi,https://sites.google.com/view/monikafischer/home,Junior,
"Forche, Anja",Bowdoin College,North America,Genetics/Genomics,Cell biology,Genome Integrity; Host-pathogen interactions; Candida,https://www.bowdoin.edu/faculty/a/aforche/,Junior,
"Fritz-Laylin, Lillian","University of Massachusetts Amherst, USA",North America,Cell biology,Genetics/Genomics,Chytrid; Microscopy; motility,http://www.fritzlaylinlab.org/,Junior,
"Gago, Sara",University of Manchester (UK),Europe,Medical Mycology,Cell biology,,https://www.research.manchester.ac.uk/portal/sara.gago-2.html,Junior,
"Gallery, Rachel",University of Arizona (US),North America,Ecology,Ecology,"Plant-microbe interactions, tropical ecology, biodiversity",http://rachelgallery.arizona.edu,Junior,
"Hickman, Meleah",Emory Univ (US),North America,Genetics/Genomics,Cell biology,Chromosome; Candida; Saccharomyces,http://www.biology.emory.edu/index.cfm?faculty=407,Junior,
"Gauthier, Nicole",Univ Kentucky (US),North America,,,"Plant Pathology, diseases of tree and fruit crops, ornamentals, bitter rot",http://www2.ca.uky.edu/agcollege/plantpathology/people/ward.htm,Junior,
"Gazis, Romina",Univ of Florida (US),North America,Evolution,Ecology,,http://trec.ifas.ufl.edu/faculty/romina-gazis/,Junior,
"Geddes-McAlister, Jennifer",University of Guelph (CA),North America,Medical Mycology,Biochemistry,fungal host pathogen interactions; proteomics,https://www.uoguelph.ca/mcb/people/dr-jennifer-geddes-mcalister,Junior,
"Gerstein, Aleeza",University of Manitoba (CA),North America,Evolution,Medical Mycology,"genetics/genomics, ploidy, Candida, RVVC",https://microstatslab.ca,Junior,
"Glassman, Sydney","Univ California, Riverside (US)",North America,Ecology,Evolution,,http://plantpath.ucr.edu/people/faculty/glassman.html,Junior,
"Goss, Erica",University of Florida (US),North America,Plant Pathology,Evolution,Oomycetes; Population Genetics and Genomics; Phylogeography,http://plantpath.ifas.ufl.edu/faculty/erica-goss/,Junior,
"Grenville-Briggs, Laura",SLU (SE),Europe,Evolution,Biochemistry,Cell walls; Oomycetes; Phytophthora,http://www.slu.se/en/departments/plant-protection-biology/personnel/laura-grenville-briggs/,Junior,
"Gusa, Asiya",Duke University (US),North America,Medical Mycology,Genetics/Genomics,transposons; Cryptococcus; thermoadaptation and heat stress,https://medschool.duke.edu/profile/asiya-gusa,Junior,
"Gutjahr, Caroline",Technical University of Munich (DE),Europe,Ecology,Genetics/Genomics,"arbuscular mycorrhiza symbiosis,",https://www.professoren.tum.de/en/gutjahr-caroline,Junior,
"Hall, Rebecca",University of Birmingham Univ (UK),Europe,Cell biology,Medical Mycology,Genetics; Pathogenesis; Candida; bacterial-fungal interaction; host-pathogen interaction,http://www.birmingham.ac.uk/staff/profiles/biosciences/hall-rebecca.aspx,Junior,
"Hallen-Adams, Heather",Univ Nebraska (US),North America,Genetics/Genomics,Evolution,Food Mycology,https://foodsci.unl.edu/hallenadams,Junior,
"Hammer, Edith",Lund University (SE),Europe,Ecology,,"SoilChips, microfluidics, Mycorrhizae, Soil Ecology, microplastic, biochar;",https://www.biology.lu.se/edith-hammer,Junior,
"Hart, Miranda","University of British Columbia, Okanagan (CA)",North America,Ecology,Evolution,Soil conservation; mycorrhizal ecology,http://www.mirandahart.ca/,Junior,
"Hayden, Katherine",Royal Botanic Garden Edinburgh (UK),Europe,Ecology,Evolution,Ecology; Evolution; Epidemiology; Forest pathology; Oomycetes; Rust fungi,https://www.researchgate.net/profile/Katherine_Hayden,Junior,
"Hess, Jaqueline",University of Vienna (AT),Europe,Genetics/Genomics,Evolution,Comparative genomics of Basidiomycetes,https://molecology.univie.ac.at/about-us/jaqueline-hess/,Junior,http://soilchip.wixsite.com/soilchip;
"Hilbert, Zoë",Boston College (US),North America,Genetics/Genomics,Evolution,Experimental evolution; Cryptococcus; Host-fungal interactions,https://www.evolvingfungi.org/,Junior,
"Holland, Leslie",University of Wisconsin-Madison,North America,Evolution,Plant Pathology,Tree Crop Diseases; Fungal Taxonomy,https://scholar.google.com/citations?user=pHxdYdAAAAAJ&hl=en,Junior,
"Hopkins, Anna",Edith Cowan University (AUS),Australia/NZ,Ecology,Plant Pathology,Soil biology; mycorrhizal ecology; mycophagy; invasive pathogens,https://www.ecu.edu.au/schools/science/staff/profiles/lecturers/dr-anna-hopkins,Junior,
"Hsueh, Yen-Ping",Academia Sinica (TW),Asia,Genetics/Genomics,,Nematode Fungi interactions; Genomics,http://www.imb.sinica.edu.tw/en/research/faculty/yenping.html,Junior,
"Huberman, Lori",Cornell University (US),North America,Genetics/Genomics,Cell biology,Genetics; Neurospora; Genomic Tools,http://blogs.cornell.edu/huberman/people/,Junior,
"Hurley, Jennifer",Rensselaer Polytechnic Institute (US),North America,Genetics/Genomics,,Circadian Rythmns; Proteomics; Neurospora,http://homepages.rpi.edu/~hurlej2/,Junior,
"Joneson, Suzanne",Univ Wisconsin - Waukesha,North America,Genetics/Genomics,Evolution,Lichen; Symbiosis,http://waukesha.uwc.edu/bio/suzanne-joneson,Junior,
"Kelliher, Tina","Univ Massachusetts, Boston",North America,Genetics/Genomics,,Circadian Clocks; Neurospora,https://cmk35.github.io/,Junior,
"Kivlin, Stephanie",University of Tennessee,North America,Ecology,,,https://skivlin.wordpress.com/,Junior,
"LaBella, Abigail","Univ of North Carolina, Charlotte",North America,Genetics/Genomics,Evolution,codon usage; bioinformatics,https://www.abigailleavittlabella.com/,Junior,
"Lenardon, Megan",Univ of Sydney (AU),Australia/NZ,Medical Mycology,Genetics/Genomics,Septation; Candida,https://www.abdn.ac.uk/ims/research/microbiology/profiles/m.lenardon,Junior,
"Lenassi, Metka",Univ. Ljubljana (SI),Europe,Genetics/Genomics,Signaling,Signaling; Saccharomyces; Halophillic Fungi; Hortaea,https://www.researchgate.net/profile/Metka_Lenassi,Junior,
"Li, Mingchun",Nankai University (CN),Asia,Biotechnology,Medical Mycology,"Fungi for biofuels, biotechnology, Candida albicans",http://sky.nankai.edu.cn/english/teacher.asp?id=45,Junior,
"Liu, Miao",Agriculture and Agri-Food Canada (CA),North America,Evolution,Plant Pathology,"Evolution, genomics, Ergot, entomopathogenic fungi, rusts",http://www.agr.gc.ca/eng/science-and-innovation/research-centres/ontario/ottawa-research-and-development-centre/scientific-staff-and-expertise/,Junior,
"Lofgren, Lotus",University of California-Berkeley (CA),North America,Ecology,Genetics/Genomics,"Suillus, Mushrooms, Aspergillus",https://www.lotuslofgren.com/,Junior,
"Lowe, Elisabeth",Newcastle Univ (UK),Europe,Biochemistry,Genetics/Genomics,"bacteria-Fungi interactions; glycobiology, cell wall, microbiota",https://www.ncl.ac.uk/camb/staff/profile/elisabethlowe.html#research,Junior,
"Ma, Li-Jun","Univ Massachusetts, Amherst",North America,Genetics/Genomics,Plant Pathology,Fusarium; Comparative Genomics; Plant Pathology,https://www.biochem.umass.edu/faculty/li-jun-ma,Junior,
"Manosalva, Patty","University of California, Riverside (US)",North America,Plant Pathology,Genetics/Genomics,Phytopthora; Avocado Disease; Breeding,https://profiles.ucr.edu/app/home/profile/pmanosal,Junior,
"Martinez Suz, Laura","Royal Botanical Gardens, Kew (UK)",Europe,Evolution,Ecology,Comparative biology; Fungal Biodiversity,https://www.kew.org/science/who-we-are-and-what-we-do/people/laura-martinez-suz,Junior,
"McDonald, Tami",St. Catherine University (US),North America,,,Lichen; Symbiosis,https://www.stkate.edu/academics/our-faculty/tami-mcdonald,Junior,
"Morales Reyes, Lucia G.",Universidad Nacional Autónoma de México (MX),North America,Evolution,Genetics/Genomics,interspecific hybrids; Saccharomycotina; genomics,http://liigh.unam.mx/lmorales/,Junior,
"Moslemi, Azin",University of Melbourne,Australia/NZ,Plant Pathology,Evolution,Taxonomy; phylogeny; diagnostics,https://gcc02.safelinks.protection.outlook.com/?url=http%3A%2F%2Funimelb.academia.edu%2FAMoslemi&data=02%7C01%7C%7C7e583cfe8ed943d926cf08d730cdc066%7Ced5b36e701ee4ebc867ee03cfa0d4697%7C0%7C0%7C637031532573027882&sdata=QorXQKo%2BjdsPDTE%2FR1F4usU3uKzVfi%2FEKfYnjR6PxkY%3D&reserved=0,Junior,
"Mukaremera, Lilliane",University of Capetown (ZA),Africa,Medical Mycology,Genetics/Genomics,Cryptococcus,http://biosciences.exeter.ac.uk/staff/profile/?web_id=Liliane_Mukaremera,Junior,
"Muszewska, Ania",Institute of Biochemistry and Biophysics PAS (PL),Europe,Genetics/Genomics,Medical Mycology,"Transposons, protein family evolution, genome architecture, HGT, opportunistic pathogens, basal fungi, Mucoromycotina, Onygenales",http://www.ptmyk.pl/?page_id=428,Junior,
"Nett, Jeniel",Univ of Wisconsin-Madison,North America,,,"Med Micro, Candida",https://medmicro.wisc.edu/people_faculty_profile.php?id=jenett&view=intro,Junior,
"Niskanen, Tuula","Royal Botanical Gardens, Kew (UK)",Europe,Evolution,Ecology,Systematics; Fungal biodiversity; Taxonomy,https://www.kew.org/science/who-we-are-and-what-we-do/people/tuula-niskanen,Junior,
"Nobile, Clarrisa","Univ California, Merced",North America,Medical Mycology,Genetics/Genomics,Fungal-Animal Pathogenesis; Candida,http://faculty.ucmerced.edu/nobilelab,Junior,
"O'Meara, Teresa",University of Michigan (US),North America,Genetics/Genomics,Medical Mycology,"Host-pathogen interactions, stress, Evolution",https://medicine.umich.edu/dept/microbiology-immunology/teresa-omeara-phd,Junior,
"Opulente, Dana A",Villanova University,North America,Genetics/Genomics,Cell biology,Yeast; High-throughput phenotyping; Genomics; Sequencing,,Junior,
"Padamsee, Mahajabeen (Maj)",Manaaki whenua Land care Institute (NZ),Australia/NZ,Evolution,Plant Pathology,Systematics; Rust fungi; Plant Pathology; Evolution,https://www.landcareresearch.co.nz/about/people/staff-details?id=cGFkYW1zZWVt,Junior,
"Pawłowska, Julia",University of Warsaw (PL),Europe,Evolution,Ecology,"Systematics, Taxonomy, Mucoromycotina, phylogenetics, endophytes;",https://ibe.biol.uw.edu.pl/en/people/pawlowska/,Junior,
"Pfeufer, Emily",Univ of Kentucky (US),North America,Plant Pathology,,"Plant Pathology: vegetable disease, esp. high tunnels. Sclerotinia",http://www2.ca.uky.edu/agcollege/plantpathology/people/pfeufer.htm,Junior,
"Ponts, Nadia",INRA-Bordeaux (FR),Europe,Genetics/Genomics,,Mycotoxin; Genomics; Fusarium,https://www.researchgate.net/profile/Nadia_Ponts,Junior,
"Quandt, Alisha",University of Colorado-Boulder (US),North America,Evolution,Genetics/Genomics,Metagenomics; Mycology,http://alishaowensbyquandt.weebly.com/,Junior,
"Quesada, Lina",NC State Univ (US),North America,Plant Pathology,,Vegetable Pathology; Fungi,https://plantpathology.ces.ncsu.edu/profile/lina-quesada-ocampo/,Junior,
"Quintin, Jessica",Pasteur Inst (FR),Europe,Medical Mycology,Genetics/Genomics,Candida; innate immunity,https://research.pasteur.fr/en/member/jessica-quintin/,Junior,
"Reynolds, Hannah",Western Connecticut State Univ (US),North America,Genetics/Genomics,Ecology,"Pathogenicity, White-nose syndrome, evolution, soil",https://www.wcsu.edu/biology/surf/faculty-mentors/reynolds/,Junior,
"Reynolds, Nicole","California State Polytechnic University, Pomona (Cal Poly Pomona) (US)",North America,Evolution,Genetics/Genomics,"zygomycetes, bacteria-fungi interactions, mucoromycota, zoopagomycota",,Junior,
"Rodrigues, Celia Fortuna",University of Porto,Europe,Medical Mycology,Biotechnology,"Biofilms, Candida, Bacteria, Oral, Infections, AMR",https://lepabe.fe.up.pt/cf_rodrigues.html,Junior,
"Romero-Olivares, Adriana",New Mexico State University,North America,Ecology,Evolution,Fungi in Soils; microbial volatile organic compound,https://www.fungiloverlab.com/,Junior,
"Roy, Mélanie",University of Toulouse (FR),Europe,Ecology,Evolution,Ectomycorrhizal fungi; Symbiosis; Ecology; Phylogeny; Tropical mycology; Community ecology,https://www.researchgate.net/profile/Melanie_Roy3,Junior,
"Rúa, Megan",Wright State Univ (US),North America,Ecology,Evolution,Mycorrhizae; plant-microbe interactions; plant pathogens,https://sites.google.com/site/meganrua/home,Junior,
"Ruiz Roldán, Carmen",University of Cordoba (ES),Europe,Genetics/Genomics,Plant Pathology,"Fusarium, pathogenesis, signal transduction",http://www.uco.es/ingenhongos/en/integr_ruiz.php,Junior,
"Sakalidis, Monique",Michigan State University (US),North America,Plant Pathology,Genetics/Genomics,Forest Pathology; Species concepts; Population genetics; Phylogenetics,http://www.psm.msu.edu/people/monique_sakalidis,Junior,
"Salgado-Salazar, Catalina",ARS Systematic Mycology Lab,North America,Evolution,Plant Pathology,Taxonomy; phylogeny; diagnostics; ascomycetes,https://www.ars.usda.gov/people-locations/person?person-id=49409,Junior,
"Savage, Natasha",University of Liverpool (UK),Europe,Development,Development,Modeling,https://www.liverpool.ac.uk/integrative-biology/staff/natasha-savage/research/,Junior,
"Schmoll, Monika",Austrian Institute of Technology (AU),Europe,Genetics/Genomics,Cell biology,Genomics; Light regulation; Biotechnology; Trichoderma,http://www.ait.ac.at/profile/detail/Schmoll-Monika/,Junior,
"Shapiro, Rebecca",Univ of Guelph (CA),North America,Genetics/Genomics,Medical Mycology,Candida; Antifungal; Genetics; CRISPR,https://www.uoguelph.ca/mcb/people/dr-rebecca-shapiro,Junior,
"Shepardson, Kelly",University of California Merced (US),North America,Medical Mycology,Genetics/Genomics,Aspergillus,,Junior,
"Shlezinger, Neta",The Hebrew University of Jerusalem (IS),Europe,Medical Mycology,Immunology,"Microbial pathogenesis, mycoviruses, immunology, Aspergillus","www.shlezingerlab.com , https://zuckerman-scholars.org/lab/the-shlezinger-lab/",Junior,
"Skrede, Inger",Univ Oslo (NO),Europe,Evolution,Genetics/Genomics,Genomics; Speciation; Serpula,https://www.mn.uio.no/ibv/english/people/aca/iskrede/,Junior,
"Snelders, Eveline",Wageningen University (NL),Europe,Medical Mycology,Genetics/Genomics,"Antifungal resistance, fungal genetics, Aspergillus fumigatus, Self non self recognition, Meisosis, Heterkaryosis, CRIPSRcas9",https://www.wur.nl/en/persons/eveline-e-eveline-snelders-phd-msc.htm,Junior,
"Stewart, Jane",Colorado State University (US),North America,Plant Pathology,Genetics/Genomics,Evolution; Species concepts; Population genetics; Forest and Plant Pathogens,https://agbio.agsci.colostate.edu/people-button/faculty/jane-stewart/,Junior,
Sundy Maurice,University of Oslo (NO),Europe,Evolution,Ecology,"Wood decay, Polypores, species traits; population genetics",http://www.mn.uio.no/ibv/english/people/aca/sandym/index.html,Junior,
"Talbot, Jenny",Boston Univ,North America,Ecology,Evolution,Microbial Ecology; Mushrooms,https://microbesatbu.wordpress.com/jenny/,Junior,
"Tan, Yu Pei",Queensland Plant Pathology Herbarium,Australia/NZ,Evolution,Plant Pathology,Taxonomy; phylogeny; diagnostics,http://collections.daff.qld.gov.au/web/staff.html,Junior,
"Toome-Heller, Merje","Ministry for Primary Industries, Wellington (NZ)",Australia/NZ,Plant Pathology,Evolution,Rust fungi; Evolution; Phylogeny; Systematics; Taxonomy; Genomics,https://www.researchgate.net/profile/Merje_Toome-Heller,Junior,
"Tran-Nguyen, Lucy",Northern Territory Department of Primary Industries and Resources,Australia/NZ,Plant Pathology,Genetics/Genomics,Diagnostics,,Junior,
"U'Ren, Jana",University of Arizona (US),North America,Ecology,Evolution,Molecular Ecology; Evolution; Metagenomics;,https://cals.arizona.edu/mycoherb/arnoldlab/juren.html,Junior,
"Uehling, Jessie","Oregon State University, (US)",North America,Genetics/Genomics,Evolution,"Genetics/genomics,Evolutionary Genomics; Population Genomics; Fungal Diversity; Symbioses,",http://jessieuehling.com/,Junior,
"Uppuluri, Priya",Harbor-UCLA Medical Center (US),North America,Medical Mycology,Cell biology,Candida albicans; Biofilms,https://lundquist.org/priya-uppuluri-phd,Junior,
"Vacher, Corinne","INRA, Bordeaux (FR)",Europe,Ecology,Evolution,Ecology; Evolution; Forest pathology; Phyllosphere; Network ecology; Environmental genomics; Climate change,https://corinnevacher.wordpress.com,Junior,No longer research active
"van Munster,  Jolanda",SRUC,Europe,Biotechnology,Biochemistry,"Anaerobic gut fungi; Aspergillus; carbohydrates; lignocellulolytic enzymes, gut microbiome; fungal-bacterial interactions",https://pure.sruc.ac.uk/en/persons/jolanda-van-munster,Junior,
"Vega-Oliveros, Carolina",Universidad Nacional sede Bogotá (CO),South America,Biochemistry,,"metabolomics, proteomics, bioactivity, functional food",http://orcid.org/0000-0001-6425-6759,Junior,
"Vélez Aguilar, Patricia",National Autonomous University of Mexico (UNAM) (MX),North America,Ecology,Genetics/Genomics,"Marine Fungi, Population genetics, conservation",http://www.ib.unam.mx/directorio/231,Junior,
"Villari, Caterina",University of Georgia (US),North America,Plant Pathology,Plant Pathology,Forest pathology; Ophiostomatales,http://villarilab.com/,Junior,
"Voelz, Kerstin",Univ Birmingham (UK),Europe,Medical Mycology,Genetics/Genomics,med mycol; zygomycetes; Cryptococcus; host interactions,http://www.birmingham.ac.uk/schools/biosciences/staff/profile.aspx?ReferenceId=81523,Junior,No longer research active
"Walker, Allison","Acadia University, Nova Scotia (CA)",North America,Ecology,Genetics/Genomics,Marine fungi; endophytes,https://bayoffungi.wordpress.com/,Junior,
"Waller, Lauren",Lincoln Univeristy,Australia/NZ,Ecology,,Community ecology; Plant-microbe interactions; Arbuscular mycorrhizal fungi; Fungal pathogens; Oomycetes,https://bioprotection.org.nz/Waller+Lauren,Junior,
"Wear, Maggie","Johns Hopkins School of Public Health, Department of Molecular Microbiology and Immunology",North America,Biochemistry,,"Polysaccharide Capsule, Cryptococcus, NMR, Glycan Structure, Catalytic Antibody",https://www.jhsph.edu/faculty/directory/profile/3829/maggie-p-wear,Junior,
"Wohlbach, Dana",Dickinson College,North America,Genetics/Genomics,,Genomics; Saccharomyces,https://www.dickinson.edu/site/custom_scripts/dc_faculty_profile_index.php?fac=wohlbacd,Junior,
"Wozniak, Karen",Oklahoma State University,North America,Medical Mycology,Immunology,"Cryptococcus, innate immunity, antifungal immunity",wozniaklab.okstate.edu,Junior,
"Zhai, Bing",Shenzhen Institute of Advanced Technology,Asia,Medical Mycology,,Microbiome; Candida,https://scholar.google.co.uk/citations?hl=en&user=j0ISf1kAAAAJ&view_op=list_works&sortby=pubdate,Junior,
"McDonald, Megan",Australian National University  (AUS),Australia/NZ,Plant Pathology,Genetics/Genomics,Population Genetics; Genomics; Zymoseptoria,https://researchers.anu.edu.au/researchers/mcdonald-mc,Postdoc,
"Rhodes, Johanna",Imperial College London (UK),Europe,Genetics/Genomics,Evolution,Phylogenetics; Population genomics,http://www.imperial.ac.uk/people/johanna.rhodes,Postdoc,
"Usher, Jane",Univ Exeter (UK),Europe,Genetics/Genomics,Medical Mycology,med mycol; Candida glabrata,http://biosciences.exeter.ac.uk/staff/index.php?web_id=Jane_Usher,Postdoc,
"Aitken, Elizabeth (Liz)",University of Queensland,Australia/NZ,Plant Pathology,Genetics/Genomics,Diagnostics,https://researchers.uq.edu.au/researcher/352,Senior,
"Alexander, Barbara",Duke University (US),North America,Medical Mycology,Genetics/Genomics,,https://mgm.duke.edu/personnel/barbara-d-alexander-md-mhs,Senior,
"Arnold, A. Elizabeth (Betsy)",Univ Arizona (US),North America,Ecology,Evolution,Endophytes; Evolution; Lichen,http://arnoldlab.net/,Senior,
"Banuett, Flora","California State University, Longbeach (US)",North America,Cell biology,Cell biology,"Ustilago maydis, genetics",http://web.csulb.edu/depts/biology/people/faculty.htm,Senior,
Beatriz Gomez,Universidad del Rosario,South America,Medical Mycology,,"Diagnostics, Paracoccidioides, Histoplasma",http://orcid.org/0000-0002-6641-1924,Senior,
"Bell-Pedersen, Deborah",Texas A&M University (US),North America,Cell biology,Genetics/Genomics,Circadian Rythmn; Neurospora,http://www.bio.tamu.edu/index.php/texas-am-department-of-biology-2/faculty-deb-bell-pedersen/,Senior,
"Bennett, Joan",Rutgers University (US),North America,Biochemistry,Genetics/Genomics,Toxins; Aspergillus,http://plantbiopath.rutgers.edu/faculty/bennett/bennett.html,Senior,
"Berbee, Mary",Univ British Colombia (CA),North America,Evolution,Genetics/Genomics,Evolution; Mycology; Systematics; Chytrids,https://botany.ubc.ca/people/mary-berbee,Senior,
"Berch, Shannon","BC Ministry of Forests, Victoria",North America,Ecology,Evolution,Mycorrhizae,https://botany.ubc.ca/people/shannon-berch,Senior,
"Berman, Judith",Tel Aviv University (IL),Europe,Cell biology,Genetics/Genomics,Chromosome Dynamics; Candida; Saccharomyces,https://en-lifesci.tau.ac.il/profile/jberman,Senior,
"Boddy, Lynne",Cardiff University (UK),Europe,Ecology,Ecology,"Wood decay, cord-forming nasidiomycetes",http://www.cardiff.ac.uk/people/view/81120-boddy-lynne,Senior,
"Bonfante, Paola",Univ. Torino (IT),Europe,Cell biology,Genetics/Genomics,Plant-Microbe interactions; Arbuscular mycorrhizal fungi,http://naturali.campusnet.unito.it/do/docenti.pl/Show?_id=pbonfant,Senior,
"Borkovich, Katherine","Univ California, Riverside",North America,Genetics/Genomics,Signaling,Signaling; Fungal Genetics; Neurospora,http://plantpath.ucr.edu/people/faculty/borkovich.html,Senior,
"Bradshaw, Rosie",Massey University (NZ),Australia/NZ,,,"Fungal-plant interactions, Phytophtera, omics",http://www.massey.ac.nz/massey/learning/colleges/college-of-sciences/staff-list.cfm?stref=449130,Senior,
"Butler, Geraldine","Univ College, Dublin (IE)",Europe,Genetics/Genomics,Cell biology,Evolution; Mating; Candida,http://www.ucd.ie/conway/research/researchers/conwayfellowsa-z/professorgeraldinebutler/,Senior,
"Callan, Brenda","BC Ministry of Forests, Victoria",North America,Evolution,Plant Pathology,Taxonomy; Forest Pathology,https://cfs.nrcan.gc.ca/employes/vue/bcallan,Senior,
"Cantrell, Sharon",University Turabo (PR),North America,Ecology,Evolution,"Taxonomy, systematics and evolution of fungi",https://psla.umd.edu/people/dr-priscila-chaverri,Senior,
"Carris, Lori","Washington State Univ, Pulmann",North America,Plant Pathology,Evolution,Plant pathology; taxonomy,plantpath.wsu.edu/people/faculty/carris/,Senior,
"Carter, Dee",Sydney Univ (AUS),Australia/NZ,Genetics/Genomics,Medical Mycology,Med Micro; Cryptococcus; Candida,https://sydney.edu.au/science/people/dee.carter.php,Senior,
"Castaño, Irene","Instituto Potosino de Investigación Científica y Tecnológica, IPICYT (MX)",North America,Genetics/Genomics,Medical Mycology,"Candida glabrata, virulence genes, mating genes",http://www.ipicyt.edu.mx/curricular/IreneBeatrizCasta%C3%B1oNavarro,Senior,
"Castlebury, Lisa",ARS Systematic Mycology Lab,North America,Evolution,Plant Pathology,Taxonomy; phylogeny; pyrenomycetes,http://www.ars.usda.gov/pandp/people/people.htm?personid=10294,Senior,
"Castro-Longoria, Ernestina",CICESE (MX),North America,Cell biology,Biotechnology,"Polarity factors, nanoparticles, Neurospora crassa",http://www.cicese.edu.mx/int/index.php?mod=persacd&dep=6801&op=fpa&numemp=2026,Senior,
"Chen, Jiangye",Shanghai Institutes for Biological Sciences (CN),Asia,Medical Mycology,Genetics/Genomics,Candida albicans development,http://www.sibcb.ac.cn/ePI.asp?id=53,Senior,
"Ciuffetti, Lynda",Oregon State University (US),North America,Plant Pathology,Genetics/Genomics,Plant Pathology; Pyrenophora,http://bpp.oregonstate.edu/ciuffetti,Senior,
"Cuomo, Christina",Broad Inst. (US),North America,Genetics/Genomics,Medical Mycology,Comparative genomics; genome sequencing,https://www.broadinstitute.org/bios/christina-cuomo,Senior,
"Cushion, Melanie",Univ of Cincinnati (US),North America,Medical Mycology,Genetics/Genomics,Pneumocystis,https://med.uc.edu/landing-pages/faculty-profile/Index/Pubs/cushiomt,Senior,
"Dalpé, Yolande",Agriculture & Agri-Food Canada (CA),North America,Evolution,Ecology,VA Mycorrhizae; taxonomy; agricultural application,http://www.agr.gc.ca/eng/science-and-innovation/research-centres/ontario/ottawa-research-and-development-centre/scientific-staff-and-expertise/dalpe-yolande-dsc/?id=1181935178523,Senior,
"Davis, Meryl",Univ of Melbourne (AUS),Australia/NZ,,,"Nitrogen regulation, Aspergillus",,Senior,
"de Souza, Elene Aparecida",Universite Federal de Lavras (BR),South America,,,"Plant resistance to fungal disease, fungal population biology, fungal development (CATS)",,Senior,
"de Vallavieille-Pope, Claude","INRA, Grignon (FR)",Europe,Plant Pathology,Ecology,Wheat stripe rust; Epidemiology; Population biology,https://www.researchgate.net/profile/Claude_Vallavieille-Pope,Senior,
"Desprez-Loustau, Marie-Laure","INRA, Bordeaux (FR)",Europe,Ecology,Evolution,Ecology; Evolution; Epidemiology; Forest pathology; Oak mildew; Climate change,https://www6.bordeaux-aquitaine.inra.fr/biogeco/Personnel/Annuaire/D-F/Desprez-Loustau-Marie-Laure,Senior,
"Doering, Tamara",Washington Univ,North America,Medical Mycology,Biochemistry/Genomics,Med Mycology; Cryptococcus; Glycobiology,doeringlab.com,Senior,
"Dupont, Joelle","Natural History National Museum, Paris (FR)",Europe,Ecology,Evolution,Mycology; Taxonomy; Systematics; Phylogeny; Ecology; Biodiversity,http://isyeb.mnhn.fr/annuaire-et-pages-personnelles/pages-personnelles/DUPONT-Joelle,Senior,
"Epstein, Lynn","Univ California, Davis",North America,Plant Pathology,Genetics/Genomics,"Plant Pathology; Fungal genetics, development. Adhesion",http://plantpathology.ucdavis.edu/,Senior,
"Fillinger, Sabine","INRA, Grignon (FR)",Europe,Plant Pathology,Genetics/Genomics,Botrytis; Septoria; Fungicides; Genomics,http://www6.versailles-grignon.inra.fr/bioger/Equipes/AMAR,Senior,
"Frey, Serita",Univ New Hamsphire,North America,,,Soil Microbial Ecology/global warming,http://unh.edu/freylab/,Senior,
"Gachon, Claire",Scottish Marine Institute (UK),Europe,,,oomycete-algae interactions,http://www.sams.ac.uk/claire-gachon/dr-claire-gachon-1,Senior,
"Gaffen, Sarah",Univ Pittsburgh,North America,,,"Fungal innate immunology; Interleukin-17, cytokines",http://www.immunology.pitt.edu/person/sarah-gaffen-phd,Senior,
"Ganley, Rebecca",Scion Research,Australia/NZ,,,forest pathogens and endophytes,http://www.scionresearch.com/general/about-us/our-people/people/fs/beccy-ganley,Senior,
"Gardes, Monique",Paul Sabatier University (FR),Europe,Ecology,Genetics/Genomics,"Ectomycorrhizal fungi; Symbiosis; Ecology, Phylogeny",https://www.researchgate.net/profile/Monique_Gardes,Senior,
"Giovannetti, Manuela",University of Pisa (IT),Europe,,,,http://unimap.unipi.it/cercapersone/dettaglio.php?ri=226&template=dettaglio.tpl,Senior,
"Giraud, Tatiana",Univ Paris-Sud (FR),Europe,Evolution,Genetics/Genomics,Evolution; Microbotryum; Anther smut; Penicillium; Apple scab; Speciation; Co-speciation; Mating type evolution; Sex evolution; Invasive pathogens; Hybridization; Host jump,http://www.ese.u-psud.fr/article211.html?lang=en,Senior,
"Glass, Louise","Univ California, Berkeley (US)",North America,Genetics/Genomics,Cell biology,Fungal Genetics; Plant Biomass degradation; Neurospora,http://glasslab.berkeley.edu/,Senior,
"Govers, Francine",Wageningen Univ (NL),Europe,Plant Pathology,Genetics/Genomics,Plant-Microbe Interactios; Phytophthora,https://www.wageningenur.nl/en/Persons/Francine-Govers-1.htm,Senior,
"Guerra-Sánchez, Guadalupe",Instituto Politécnico Nacional (MX),North America,Biochemistry,Biotechnology,"fungus control; yeasts, Basidiomycetes, Microbe interactions",https://www.encb.ipn.mx/posgrado/maestria-ciencias-quimico-biologicas/guerra-sanchez.html,Senior,
"Gunde-Cimerman, Nina",Univ. Ljubljana (SI),Europe,Genetics/Genomics,Medical Mycology,Extremophile Fungi; Aureobasidium; Hortaea,https://www.researchgate.net/profile/Nina_Gunde-cimerman,Senior,
"Gurr, Sarah",Univ Exeter (UK),Europe,Plant Pathology,,Crop disease; Biotechnology; Magnaporthe,http://biosciences.exeter.ac.uk/staff/index.php?web_id=Sarah_Gurr,Senior,
"Harris, Linda",Agriculture and Agri-Food Canada (CA),North America,Genetics/Genomics,Plant Pathology,"Plant Pathologist, fungal genomics, fungal cereal diseases",http://www.agr.gc.ca/eng/science-and-innovation/research-centres/ontario/ottawa-research-and-development-centre/scientific-staff-and-expertise/harris-linda-phd/?id=1181940192397,Senior,
"Harrison, Maria",Boyce-Thompson Institute (US),North America,Genetics/Genomics,Cell biology,Plant-Microbe interactions; Arbuscular mycorrhizal fungi,http://bti.cornell.edu/staff/dr-maria-harrison/,Senior,
"Jargeat, Patricia",Paul Sabatier University (FR),Europe,Cell biology,Genetics/Genomics,"Plant-fungal interactions, Taxonomy, Phylogenetics",https://edb.cnrs.fr/annuaire/patricia-jargeat/,Senior,
"Jin, Hailing","Univ California, Riverside (US)",North America,Plant Pathology,Genetics/Genomics,Plant-Microbe Interactions; RNAi; microRNA; small RNA; Botrytis,http://cepceb.ucr.edu/people/jin.html,Senior,
"Johnson, Linda",AgResearch,Australia/NZ,Plant Pathology,Cell biology,Grass endophytes,http://www.agresearch.co.nz/teams/plant-fungal-interactions/,Senior,
"Jones, Eirian",Lincoln Univeristy,Australia/NZ,Plant Pathology,Cell biology,"Trichoderma, endophytes",http://www.lincoln.ac.nz/About-Lincoln/Staff-Profiles/?letter=J&page=1&StaffID=Jones%20Eirian&filtercsv=false&title=false&intro=false&maxrows=false&noframe=false&facultybu=false&ludepartment=false&first=false&tab=false,Senior,
"Jones, Melanie","University of British Columbia, Okanagan (CA)",North America,Ecology,Evolution,Ectomycorrhizae; Plant-Microbe interactions; microbiology of forest soils; roots and hyphae physiology,http://joneslab.ok.ubc.ca/The_Jones_Lab.html,Senior,
"Kahmann, Regine",MPI-Marburg (DE),Europe,Plant Pathology,Genetics/Genomics,Plant-Microbe interactions; Ustilago,http://www.mpi-marburg.mpg.de/kahmann,Senior,
"Kaminskyj, Susan",Univ Saskatchawan (CA),North America,Biochemistry,Cell biology,"Fungal Plant Symbiosis, Cytology",http://www.usask.ca/biology/kaminskyj/,Senior,
"Keller, Nancy",Univ Wisconsin,North America,Biochemistry,Genetics/Genomics,Secondary Metabolite; Aspergillus,http://genetics.wisc.edu/Keller.htm,Senior,
"Kelly, Joan",Univ Adelaide,Australia/NZ,Biochemistry,Genetics/Genomics,"Carbon Catabolism, Aspergillus",https://biological.adelaide.edu.au/research/fhbg/,Senior,
"Kiers, Toby",Vrije Universiteit (NL),Europe,Ecology,Evolution,Plant-Microbe Interaction; Mycorrhizal Fungi,https://www.tobykiers.com/the-science/,Senior,
"Kohn, Linda",Univ Toronto (CA),North America,Genetics/Genomics,Evolution,Evolution; Population Genetics; Ascomyces,https://www.utm.utoronto.ca/~kohnmank/,Senior,
"Kues, Ursula",Georg-August-Universität (DE),Europe,Development,Genetics/Genomics,Development; Proteomics; Genetics; Basidiomycetes; Coprinopsis,https://www.uni-goettingen.de/en/57999.html,Senior,
"Kuldau, Gretchen",Penn State University,North America,Genetics/Genomics,,Fusarium mycotoxins,http://plantpath.psu.edu/directory/gak10,Senior,
"Laine, Anna-Liisa",University of Helsinki (FI),Europe,Ecology,Evolution,Ecology; Evolution; Epidemiology; Metapopulations,http://allaine.it.helsinki.fi,Senior,
"Lodge, Jennifer",Duke University (US),North America,Medical Mycology,Genetics/Genomics,Cell walls; Cryptococcus,https://research.duke.edu/profile/jennifer-lodge,Senior,
"Loros, Jennifer",Dartmouth University,North America,Genetics/Genomics,Biochemistry,Circadian Rythmns; Neurospora,https://geiselmed.dartmouth.edu/dunlaploros/,Senior,
"Lu, Ling",Nanjing Normal University (CN),Asia,,,Aspergillus spp.,http://sky.njnu.edu.cn/cn/shiziduiwu/lu-ling,Senior,
"Ma, Wenbo",The Sainsbury Institute (UK),Europe,Plant Pathology,Genetics/Genomics,oomycete-plant interactions,https://wenboma.ucr.edu/,Senior,
"Malagnac, Fabienne",University of Paris-Sud,Europe,Genetics/Genomics,Cell biology,Podospora anserina; Filamentous Ascomycetes; Sexual reproduction; Genomic stability; Epigenetics; Repeat Induced Point mutation,http://www.cgm.cnrs-gif.fr/spip.php?article976&lang=en,Senior,
Maria Nunez,Mycoteam as (NO),Europe,Ecology,Medical Mycology,"Molds, building ecology",http://www.mycoteam.no,Senior,
"Marshall, Juliet",Univ of Idaho (US),North America,,,"Plant Pathologist, disease of small grains, Fusarium, rust",https://www.uidaho.edu/cals/pses/our-people/plant-science/juliet-marshall,Senior,
"May, Georgiana",Univ of Minnesota (US),North America,Evolution,Genetics/Genomics,Genetics; Evolution; multispecies interactions,http://cbs.umn.edu/contacts/georgiana-may,Senior,
"McDougal, Rebecca",Scion Research (US),Australia/NZ,,,forest pathogens,http://www.scionresearch.com/general/about-us/our-people/people/fs/rebecca-mcdougal,Senior,
"Mellado, Emilia",Instituto de Salud Carlos III (ES),Europe,Medical Mycology,Genetics/Genomics,Azole Resistance,https://www.isciii.es/QuienesSomos/CentrosPropios/CNM/Micologia/Paginas/default.aspx,Senior,
"Mellado, Emilia",Instituto de Salud Carlos III (ES),Europe,Medical Mycology,Genetics/Genomics,"Azole resistance, genomics",https://www.isciii.es/QuienesSomos/CentrosPropios/CNM/Micologia/Paginas/default.aspx,Senior,
"Meyer, Vera",Technical University of Berlin (DE),Europe,Biotechnology,,Biotech; Aspergillus,https://www.mikrobiologie.tu-berlin.de/menue/cv_prof_vera_meyer/parameter/en/,Senior,
"Momany, Michelle",Univ Georgia (US),North America,Cell biology,Medical Mycology,Aspergillus; cytoskeleton; septins; cell cycle; conidia; antimicrobial resistance,http://www.plantbio.uga.edu/directory/michelle-momany,Senior,
"Neema, Claire",Montpellier SupAgro (FR),Europe,Plant Pathology,Ecology,Population genetics; Epidemiology; Tropical plant pathology,https://www.researchgate.net/profile/Claire_Neema,Senior,
"Nguyen, M. Hong",University of Pittsburgh,North America,,,"Med Mycol, Candida, clinical",https://www.dept-med.pitt.edu/ID/faculty_info.aspx?fp=5659,Senior,
"Ouellet, Therese",Agriculture and Agri-Food Canada,North America,Genetics/Genomics,Plant Pathology,"Plant Pathologist, fungal genomics, fungal cereal diseases",http://www.agr.gc.ca/eng/science-and-innovation/research-centres/ontario/ottawa-research-and-development-centre/scientific-staff-and-expertise/ouellet-therese-phd/?id=1181853251184,Senior,
"Pirofski, Liise-anne",Albert Einstein College of Medicine,North America,Medical Mycology,Immunology,"Capsule, antibody, cryptococcus, immunotherapy",http://www.einstein.yu.edu/faculty/8131/liise-anne-pirofski/,Senior,
"Quinn, Jan",Newcastle Univ (UK),Europe,Medical Mycology,Signaling,Candida; signalling; oxidative stress,http://www.ncl.ac.uk/camb/staff/profile/janetquinn.html,Senior,
"Réblová, Martina","Institute of Botany, Pruhonice, Czeck Republic",Europe,Evolution,,Taxonomy; pyrenomycetes,http://www.ibot.cas.cz/en/lide/114,Senior,
"Reck-Peterson, Samara",Univ California San Diego (US),North America,Cell biology,Genetics/Genomics,Cell biology; Aspergillus,http://reck-peterson.ucsd.edu/,Senior,
"Redman, Regina",Symbiogenics,North America,,,Endophytes,http://www.symbiogenics.org/about-us.html,Senior,
"Requena, Natalia",Univ. Karlsruhe (DE),Europe,Cell biology,Genetics/Genomics,Plant-Microbe interactions; Arbuscular mycorrhizal fungi,http://www.iab.kit.edu/heisenberg/Staff_454.php,Senior,
"Riquelme, Meritxell",CICESE (MX),North America,Cell biology,Genetics/Genomics,Cell Biology; Neurospora,http://usuario.cicese.mx/~riquelme/index.php,Senior,
"Ristaino, Jean",North Carolina State Univ (US),North America,Plant Pathology,Genetics/Genomics,Phytopthora population genetics,https://ristainolab.cals.ncsu.edu/,Senior,
"Robin, Cécile","INRA, Bordeaux (FR)",Europe,Ecology,Evolution,Ecology; Evolution; Epidemiology; Forest pathology; Chestnut Blight; Phytophthora,https://www6.bordeaux-aquitaine.inra.fr/biogeco/Personnel/Annuaire/Q-Z/Robin-Cecile,Senior,
"Roncero, M. Reyes",University of Cordoba (ES),Europe,Genetics/Genomics,Plant Pathology,"Fusarium, pathogenesis, signal transduction",http://www.uco.es/ingenhongos/en/index.php,Senior,
"Roux, Jolanda","Forestry and Agricultural Biotechnology Institute, Pretoria (ZA)",Africa,Plant Pathology,Genetics/Genomics,Forest Pathology; Taxonomy; Phylogeny; Population genetics; Genomics; Ceratocystis,http://www.fabinet.up.ac.za/index.php/people-profile?profile=972,Senior,
"Sbrana, Cristiana",University of Pisa (IT),Europe,Genetics/Genomics,Evolution,Mycorrhizal fungi,,Senior,
"Sejalon-Delmas, Nathalie",Paul Sabatier University (FR),Europe,Plant Pathology,Cell biology,"Cellular and Molecular Phytopathology, Plant-fungal interactions, Symbiosis",https://www.lrsv.ups-tlse.fr/nathalie-sejalon-delmas/,Senior,
"Sil, Anita","Univ California, San Francisco",North America,Genetics/Genomics,Medical Mycology,Fungal-Animal Pathogenesis; Histoplasma,http://histo.ucsf.edu/sillab/,Senior,
"Smart, Christine",Cornell University (US),North America,Plant Pathology,,"field pathogenomics, disease management, oomycte-plant interactions, oomycete plant pathogens, fungal plant pathogens",http://blogs.cornell.edu/smartlab/research/oomycete-pathogens/,Senior,
"Soares, Celia Maria de Almeida",Universidade Federal de Goiás (BR),South America,,,"med micro, Paracoccidioides",https://www.researchgate.net/profile/Celia_Soares2,Senior,
"Tang, Weihua",Shanghai Institutes for Biological Sciences (CN),Asia,,,"Fusarium graminearum, Colletotrichum graminicola",http://sippe.ac.cn/tangwh/,Senior,
"Trail, Francis",Michigan State Univ,North America,Genetics/Genomics,Development,Development; Genetics; Fusarium,http://www.psm.msu.edu/people/frances_trail,Senior,
"Treseder, Kathleen","Univ California, Irvine",North America,Ecology,Evolution,Fungal Ecology,http://www.faculty.uci.edu/profile.cfm?faculty_id=4968,Senior,
"Tripathy, Sucheta",Indian Institute of Chemical Biology ( CSIR- IICB),Asia,Genetics/Genomics,Plant Pathology,"oomycetes Genomics, Next generation and third generation sequencing, Kolkata, India, California",https://sites.google.com/site/suchetalab/,Senior,
"Tudzynski, Bettina",Univ Münster (DE),Europe,Biochemistry,Genetics/Genomics,Secondary Metabolism; Fusarium,https://www.uni-muenster.de/Biologie.IBBP/agtudzynski/arbeitsgruppe/bettina_tudzynski.html,Senior,
"Turgeon, Gillian",Cornell University (US),North America,Genetics/Genomics,Plant Pathology,Secondary Metabolism; Plant-Microbe Interactions; Cochliobolus,http://www.plantpath.cornell.edu/labs/turgeon/index.html,Senior,
"Vaillancourt, Lisa",Univ Kentucky (US),North America,Plant Pathology,Genetics/Genomics,Plant Pathology; Colletotrichum,http://www2.ca.uky.edu/agcollege/plantpathology/Vaillanc/labhp.htm,Senior,
"Valent, Barbara",Kansas State Univ,North America,Plant Pathology,Genetics/Genomics,Plant Pathology; Magnaporthe,http://www.plantpath.k-state.edu/people/faculty/valent/,Senior,
"Voigt, Kerstin",Univ of Jena (DE),Europe,Medical Mycology,Evolution,Medical Mycology; Genomics; Taxonomy; Systematics; zygomycetes,http://www.mikrobiologie.uni-jena.de/cms/index.php/en/jena-microbial-resource-collection/pd-dr-kerstin-voigt,Senior,
"Voisey, Christine",AgResearch (NZ),Australia/NZ,Plant Pathology,Cell biology,Epichloe; intercalary growth,http://www.agresearch.co.nz/teams/plant-fungal-interactions/,Senior,
"Wilkinson, Heather",Texas A&M Univ,North America,Genetics/Genomics,Evolution,Phylogenetics; Genomics; Neurospora,http://plantpathology.tamu.edu/people/wilkinson-dr-heather-h/,Senior,
"Wingfield, Brenda","Forestry and Agricultural Biotechnology Institute, Pretoria (ZA)",Africa,Plant Pathology,Genetics/Genomics,Forest Pathology; Population genetics; Genomics,http://www.fabinet.up.ac.za/index.php/people-profile?profile=908,Senior,
"Zhou, Zhi-hua",Shanghai Institutes for Biological Sciences  (CN),Asia,,,Trichoderma lignocellulolytic enzymes,http://www.sippe.ac.cn/klsb/ep4_zhouzhh.asp,Senior,
Angela María Lopez,Corporacion para Investigaciones Biologicas (COL),South America,Medical Mycology,,"Paracoccidioides, Candida, Aspergillus",https://www.researchgate.net/profile/Angela-Lopez-9,,
"de Bekker, Charissa",Utrecht University,Europe,Genetics/Genomics,Evolution,Zombie Ant; Orphiocordyceps,https://www.charissadebekker.com/,,
"Figueroa, Melania",University of Minnesota (USA),North America,Plant Pathology,Genetics/Genomics,oat crown rust,https://plpa.cfans.umn.edu/people/faculty/melania-figueroa,,
"Nev, Olga",University of Exeter (UK),Europe,Cell biology,Medical Mycology,in silico metabolism; Pneumocystis,http://biosciences.exeter.ac.uk/staff/profile/index.php?web_id=Olga_Nev,,
"Ost, Kyla",Universtiy of Colorado,North America,Immunology,Medical Mycology,"Host-pathogen interactions, adaptive immunity",,,
"Peres da Silva, Roberta",University of Exeter (UK),Europe,Genetics/Genomics,Medical Mycology,Paracocccidioides; Sporothrix; extracellular vesicles,http://biosciences.exeter.ac.uk/staff/profile/index.php?web_id=Roberta_Peres,,
"Vleeshouwers, Vivianne",Wageningen Univ (NL),Europe,Plant Pathology,,oomycete-plant interactions,https://www.wageningenur.nl/en/Persons/Vivianne-Vleeshouwers.htm,,
"Amariliz Rivera, Rutgets (not on Twitter)",,,,,,,,
"Mari Shinohara, Duke",,,,,,,,
"Lena Heung, UCLA",,,,,,,,
"Kathleen Mills, MSKCC",,,,,,,,
"-Barbara Alexander, Duke, America, Diagnostics, Clinical mycology",,,,,,,,
"-Thuy Le, Duke, Talaromyces, translational (diagnostics, therapies), clinical trials.",,,,,,,,
"-Julia Messina, Duke, translational / clinical mycology",,,,,,,,
"-Julie Steinbrink, Duke, diagnostics, host transcriptomics",,,,,,,,
"Richardson, Riina",Manchester,Europe,Medical Mycology,,clin mycology / diagnostics,,,
"Janevska, Slavica",Leibniz-HKI (DE),Europe,,,,,,
