sheet,cell,row_name,date,resolved,replies,looks_like_a_request,row_in_directory,names_not_in_directory,text
Faculty,A1,Name,2018-04-21,no,2,yes,no,"Peptides, Antifungal","Please add Dr. Sonia Chadha
Email: [email redacted]
Institution: Bhabha Atomic Research Center, India, Asia.
Pathology, Bioinformatics & Evolution.
Intermediate stage
Keywords: Rice blast, Antifungal Peptides, Phylogenomics

Marked as resolved

My details are included twice in sheet
Re-opened"
Faculty,A1,Name,2022-07-26,no,0,,no,,https://forms.gle/H9mcg3rYqFNrE6Ee8 can be used to fill out information
Faculty,H1,Name,2016-04-05,yes,0,,no,,useful to encourage jr vs sr invites?
Faculty,I1,Name,2016-04-05,yes,0,,no,,Leaving off email for privacy? Or make it easier to contact them?
Faculty,G258,"Berman, Judith",2016-05-26,yes,0,,yes,,https://en-lifesci.tau.ac.il/profile/jberman
Faculty,D110,"Zhang, Ning",2016-05-26,yes,0,,yes,,Ecology
Faculty,E110,"Zhang, Ning",2016-05-26,yes,0,,yes,,Evolution
Faculty,A110,"Zhang, Ning",2016-05-26,yes,3,yes,yes,"Academy, Russian; Building, Purpose; Federation, Ukraine; Kyiv, Ukraine; Shevchenko, Taras; Yu, Tatyana","Biketova, Alona Yuryevna (Alyona)

Hi Alona - we are only adding PIs to this section not PhD students yet.

Marked as resolved

Dear Prof. Dr. Stajich,

Thank you very much for your comments!
I would like to add some information about my colleagues from Russian
Federation, Ukraine, and Armenia. Unfortunately there is lack of
information about women mycologists from countries of the former USSR.

1. Prof. Margarita A. Bondartseva - Komarov Botanical Institute of the
Russian Academy of Sciences, Russian Federation
https://www.researchgate.net/profile/Margarita_Bondartseva
http://www.binran.ru/en/sotrudniki/4919/
2. Dr. Tatyana Yu. Svetasheva - Tula State Pedagogical University, Russian
Federation
https://www.researchgate.net/profile/Tatyana_Svetasheva
3. Prof. Susanna M. Badalyan
<https://www.researchgate.net/profile/Susanna_Badalyan> - Yerevan State
University, Armenia
https://www.researchgate.net/profile/Susanna_Badalyan
4. Dr. Veronika V.  Dzhagan - Taras Shevchenko National University of Kyiv,
Ukraine
https://www.researchgate.net/profile/Veronika_Dzhagan
5. Prof. Maryna M. Suchomlyn - Taras Shevchenko National University of
Kyiv, Ukraine
http://biology.univ.kiev.ua/ru/kafedra-botaniki-spivrobitnik
i/kafedra-botaniki-vikladachi/736-sukhomlin-marina-mikolajivna
http://www.nbuv.gov.ua/old_jrn/natural/Pzp/suchomlyn.html
6. Prof. Irina O. Dudka - M.G. Kholodny Institute of Botany, Ukraine
http://www.cybertruffle.org.uk/people/dudka.htm
https://www.researchgate.net/profile/Dudka_Io

Best regards,
Alyona

-- 
Dr. Alona Biketova
Institute of Evolution
University of Haifa
Office: Multi-Purpose Building, Room 220 | Phone: 972-4-8249-653
Re-opened"
Faculty,H110,"Zhang, Ning",2016-05-26,yes,0,,yes,,Junior
Faculty,G110,"Zhang, Ning",2016-05-26,yes,0,,yes,,https://www.researchgate.net/profile/Alona_Biketova
Faculty,F110,"Zhang, Ning",2016-05-26,yes,0,,yes,,"Boletales, macromycetes, myxomycetes: taxonomy, systematics, biodiversity, phylogeny, biogeography."
Faculty,B110,"Zhang, Ning",2016-05-26,yes,0,,yes,,University of Haifa (IL)
Faculty,C258,"Berman, Judith",2016-05-26,yes,0,,yes,,Asia
Faculty,C110,"Zhang, Ning",2016-05-26,yes,0,,yes,,Asia
Faculty,A1,Name,2016-10-11,yes,0,,no,"Munster, Jolanda","van Munster, Jolanda"
Faculty,H76,"Partida-Martínez, Laila",2017-04-26,yes,0,,yes,,Intermediate
Faculty,F76,"Partida-Martínez, Laila",2017-04-26,yes,0,,yes,,I would add Plant Microbe Interactions
Faculty,A342,"Smart, Christine",2017-08-23,yes,0,,yes,,"Smart, Christine (Chris); Cornell University (US); North America;;; field pathogenomics, disease management, oomycite-plant interactions, oomycete plant pathogens, fungal plant pathogens; http://blogs.cornell.edu/smartlab/research/oomycete-pathogens/; Senior"
Faculty,A170,"Hart, Miranda",2018-04-20,yes,0,,yes,"Vannette, Rachel","Rachel Vannette, UC Davis, North America, Ecology, keywords: plant-fungal interactions; yeast; chemical ecology; insect-fungal interactions; career stage: junior; website: https://vannettelab.faculty.ucdavis.edu/"
Faculty,A202,"Padamsee, Mahajabeen (Maj)",2018-04-21,yes,1,yes,yes,,"Please add Maj Padamsee https://www.landcareresearch.co.nz/about/people/staff-details?id=cGFkYW1zZWVt

Added Maj! Thanks!"
Faculty,A1,Name,2018-04-21,yes,1,yes,no,"Bensassen, Douda; Corbett, Anita; Dudley, Aimee; Friedman, Katherine; Lockhart, Deborah; Northwest, Pacific","Please add
Rebecca Shapiro, University of Guelph, Canada   https://www.uoguelph.ca/mcb/people/dr-rebecca-shapiro

and

Deborah Lockhart, University of Aberdeen, UK  https://www.abdn.ac.uk/cmm/research/deborah-lockhart.php

and

Adilia Warris, University of Aberdeen, UK
https://www.abdn.ac.uk/cmm/research/adilia-warris.php

Others to Add:

Elizabeth Tran, Purdue University: http://www.tranlabrna.com/

Aimee Dudley, Pacific Northwest Research Institute: https://www.pnri.org/research-programs/dudley-lab/

Douda Bensassen, University of Georgia: https://bensassonlab.wordpress.com/

Anita Corbett, Emory: http://www.biology.emory.edu/index.cfm?faculty=444

Katherine Friedman, Vanderbilt: https://my.vanderbilt.edu/thefriedmanlab/

Patricia Wittkopp, Michigan: https://sites.lsa.umich.edu/wittkopp-lab/"
Faculty,A1,Name,2018-04-21,yes,0,yes,no,,"Please add Dr. Sonia Chadha
Email id : [email redacted]"
Faculty,A84,"Rao, Reeta",2018-04-21,yes,2,,yes,,"Also Catherine Bachewich at Concordia https://www.concordia.ca/artsci/biology/faculty.html?fpid=catherine-bachewich (Candida morphogenesis and cell cycle)

Reeta Rao, WPI (https://www.wpi.edu/people/faculty/rpr)

Added both, thanks!"
Faculty,A302,"Jones, Melanie",2018-04-21,yes,1,yes,yes,,"Please add:
1) Dr. Melanie Jones from University of British Columbia Okanagan Campus, Kelowna, BC, Canada, Research Interests

-ecophysiology of ectomycorrhizae

-microbiology of forest soils

-forestry and ectomycorrhizae 

-in situ approaches to studying physiology of roots and hyphae

-influence of symbiotic fungi, called mycorrhizal fungi, on nutrient intake by woody plants

Lab website: http://joneslab.ok.ubc.ca/The_Jones_Lab.html

2) Dr. Miranda Hart from University of British Columbia Okanagan Campus, Kelowna, BC, Canada, Research Interests: 
soil conservation
mycorrhizal ecology
Lab website: http://www.mirandahart.ca/

Added Melanie and Miranda"
Faculty,A160,"Geddes-McAlister, Jennifer",2018-04-21,yes,1,,yes,"Geddes-, Jennifer","Please include Jennifer Geddes-McAlister, starting at the University of Guelph in a few months: https://www.uoguelph.ca/mcb/people/dr-jennifer-geddes-mcalister (fungal host pathogen interactions, proteomics)

Added Jennifer!"
Faculty,A39,"Gaya, Ester",2018-04-23,yes,1,yes,yes,"Richmond, Surrey","Please add:
Dr. Ester Gaya
Senior Research Leader | Comparative Fungal Biology
Jodrell laboratory
Royal Botanic Gardens, Kew, Richmond, Surrey, TW9 3DS, UK
https://www.kew.org/science/who-we-are-and-what-we-do/people/ester-gaya

I have added you and these additional suggestions - in general we are not including Postdocs or those still training as there are often other mechanisms to improve their visibility but we want to make sure and not lose the female PIs from consideration as invited speakers."
Faculty,A191,"Martinez Suz, Laura",2018-04-23,yes,0,yes,yes,"Martinez, Laura; Richmond, Surrey","Please add:
Dr. Laura Martinez Suz
Research Leader | Comparative Fungal Biology             
Royal Botanic Gardens, Kew, Richmond, Surrey, TW9 3DS, UK"
Faculty,A198,"Niskanen, Tuula",2018-04-23,yes,0,yes,yes,"Richmond, Surrey","Please add:
Tuula Niskanen
Research Leader | Identification & Naming Department.      
Royal Botanic Gardens, Kew, Richmond, Surrey, TW9 3DS, UK"
Faculty,A39,"Gaya, Ester",2018-04-24,yes,0,,yes,,"Thank you Jason!
Just to clarify. Laura and Tuula are not postdocs, but Research Leaders. For the first time in Kew mycology history, three women have secured senior positions. I think it is quite an accomplishment! :-)
I am currently holding the most senior post, leading a new Kew mycology strategy. Laura and Tuula are developing their own groups. I wouldn't consider them junior.  They are quite well established researchers. Thanks for doing this!"
Faculty,A1,Name,2018-04-24,yes,1,,no,"Fritz-, Lillian","Two women who are missing are Maiko Kagami (ToHo University, Japan) and Martha Powell (University of Alabama).

Another individual one might consider adding is Lillian Fritz-Laylin at University of Massachusetts Amherst."
Faculty,A1,Name,2018-04-24,yes,0,,no,,"Can I be (please) added to the list as a postdoc?
Emilia Hannula, Netherlands Institute of Ecology (NIOO-KNAW), Europe, Ecology,  - , interests: plant-fungal interactions, AMF, https://nioo.knaw.nl/nl/employees/emilia-hannula"
Postdocs,A16,"Sánchez-Torres, Paloma",2018-04-26,yes,2,,yes,"Torres, Paloma","Sánchez-Torres, Paloma

HI - we are putting postdocs on a separate page, this list is about promoting female PIs primarily for various reasons we have tried to outline on the blog and twitter discussion If you are a faculty please update this with links and the rest of information listed in this sheet so it can be properly populated. Thanks

sorry I misundestood - if you have a lab webpage it is easerier to fill in the rest of the information."
Faculty,F75,"Parra-Giraldo, Claudia M.",2018-05-02,yes,0,,yes,"Antifungals, Resistance; Candida, Cryptococcus","Antifungals, Resistance, Candida, Cryptococcus, Aspergillus"
Faculty,H75,"Parra-Giraldo, Claudia M.",2018-05-02,yes,0,,yes,,Intermediate
Faculty,G75,"Parra-Giraldo, Claudia M.",2018-05-02,yes,0,,yes,,http://ciencias.javeriana.edu.co/gei/integrantes
Faculty,B203,"Pawłowska, Julia",2018-05-02,yes,0,,yes,,Northern Arizona University (US)
Faculty,A203,"Pawłowska, Julia",2018-05-02,yes,0,,yes,,"Barker, Bridget"
Faculty,D203,"Pawłowska, Julia",2018-05-02,yes,0,,yes,,Medical Mycology
Faculty,D75,"Parra-Giraldo, Claudia M.",2018-05-02,yes,0,,yes,,Medical Mycology
Faculty,A75,"Parra-Giraldo, Claudia M.",2018-05-02,yes,0,,yes,"Giraldo, Claudia","Parra-Giraldo, Claudia M."
Faculty,C203,"Pawłowska, Julia",2018-05-02,yes,0,,yes,,North America
Faculty,C75,"Parra-Giraldo, Claudia M.",2018-05-02,yes,0,,yes,,Latin America
Faculty,E75,"Parra-Giraldo, Claudia M.",2018-05-02,yes,0,,yes,,Cell Biology
Faculty,B75,"Parra-Giraldo, Claudia M.",2018-05-02,yes,0,,yes,,Pontificia Universidad Javeriana (CO)
Faculty,F203,"Pawłowska, Julia",2018-05-02,yes,2,,yes,"Coccidioides, Valley","Coccidioides, Valley fever, lung immunology.

Marked as resolved

Assume this is for Bridget?
Re-opened"
Faculty,G203,"Pawłowska, Julia",2018-05-02,yes,1,,yes,,"http://news.nau.edu/bridget-barker/

She was already in the list"
Postdocs,G16,"Sánchez-Torres, Paloma",2018-05-02,yes,0,,yes,,http://ciencias.javeriana.edu.co/gei/integrantes
Faculty,A1,Name,2018-05-18,yes,1,,no,"Hadziabdic, Denita","Might want to add Denita Hadziabdic Guerry, a faculty member at the University of Tennesse Institute of Agriculture (North America, Plant Pathology). Her lab website is https://ag.tennessee.edu/EPP/Pages/HadziabdicGuerryLab.aspx

thank you! added"
Faculty,A1,Name,2018-05-21,yes,1,,no,,"Hodgins-Davis, Andrea @ University of Michigan, Dept of Ecology and Evolutionary Biology, 1. Evolution, 2. Genetics/genomics, http://sciencehd.org/

added you Andrea - thanks!"
Faculty,A203,"Pawłowska, Julia",2018-05-27,yes,1,,yes,"Systematics, Taxonomy","Pawłowska, Julia; University of Warsaw; Europe; Evolution; Ecology; Systematics, Taxonomy, Mucoromycotina, phylogenetics, endophytes; http://cnbch.uw.edu.pl/language/en/research_groupes/mycological-laboratory/ (or http://www.biol.uw.edu.pl/zfme/zaklad/grzyby.html - but currently only in Polish); Jr

I have added you now - thanks for the info and sorry this took so long to put in"
Faculty,A196,"Muszewska, Ania",2018-05-28,yes,1,,yes,"Mucoromycotina, Onygenales","Muszewska, Anna; Institute of Biochemistry and Biophysics PAS; Europe; Genetics/Genomics, Evolution, Medical Mycology; Transposons, protein family evolution, genome architecture, HGT, opportunistic pathogens, basal fungi, Mucoromycotina, Onygenales; Jr

Adding you, sorry this took so long!"
Faculty,A237,"Vélez Aguilar, Patricia",2018-06-25,yes,1,,yes,"Velez, Patricia","Velez, Patricia
National Autonomous University of Mexico (UNAM)
North America
Ecology
Genetics/Genomics
Marine Fungi, Population genetics, conservation
Junior

I have added you now, sorry this took so long!"
Faculty,A1,Name,2018-07-20,yes,2,,no,"Mycorrhizae, Soil","Hammer, Edith
Lund Univ (SE), Europe, Ecology, SoilChips, microfluidics, Mycorrhizae, Soil Ecology, microplastic, biochar; https://www.biology.lu.se/edith-hammer  http://soilchip.wixsite.com/soilchip;  Junior

Marked as resolved

added you in - only one URL in main section but added the liink on side.
Re-opened"
Faculty,A1,Name,2019-02-12,yes,1,,no,"Also, Rebecca","Also, Rebecca Drummond is now a PI at the University of Birmingham, UK.

Thanks Liz, I have move her over"
Faculty,A26,"Crouch, JoAnne",2019-02-12,yes,1,yes,yes,,"Hi Jason, can you add Carolina Coelho? She's at the MRC CMM (soon to be at the University of Exeter, UK. Research areas would be Medical Mycology and Immunology, I think. [email redacted]

Thanks again Liz, I have added Carolina finally. sorry for delay."
Faculty,A1,Name,2019-06-04,yes,3,yes,no,"Rhizoctonia, Plant-","Hello, please add me: 

Hayden, Helen
Agriculture Victoria, Victoria State Gov
Australia/NZ
Ecology
Plant Pathology
Microbial Ecology, Rhizoctonia, Plant-Soil-Microbe interactions, omics
http://agriculture.vic.gov.au/
Intermediate

Thank you very much!
Helen

You got it - added you Helen!

Marked as resolved

Hi Jason, you misspelt my name :( ""Hayden"" please not Haden.  TIA.
Re-opened"
Postdocs,A1,Name,2020-02-01,yes,1,yes,no,,"Hi! :) Can you add me please?

Institution: CICESE (MX)
Country: Mexico
Research 1: Molecular ecology
Research 2: Genetics/Genomics
Keywords: Fungal diversity, Marine and terrestrial fungi.
Current position: Postdoc

I've added you"
Faculty,A58,"LeibundGut-Landmann, Salome",2020-05-15,yes,1,,yes,,"Sinem Beyhan; J. Craig Venter Institute USA; Pathology/Medical Mycology; Histoplasma, heat shock, genomics

Added -thank you for the suggestion and add!"
Faculty,A58,"LeibundGut-Landmann, Salome",2020-05-28,yes,1,yes,yes,,"Please add me:
Vega-Oliveros, Carolina
Universidad Nacional sede Bogotá (CO)
South América
Biochemistry
Bioactive compounds
metabolomics, proteomics, bioactivity, functional food

Added - please feel free to add URL that should be for your univ information. Thanks for addiing yourself!"
Faculty,A1,Name,2020-06-13,yes,3,,no,"Pathogenicity, White-nose","Hannah Reynolds, Western Connecticut State University, North America, Genetics/Genomics, Ecology, Pathogenicity, White-nose syndrome, evolution, soil

Added you Hannah. Sorry for the oversight.

Marked as resolved

This is a huge list -- no apologies needed, and thanks for setting this up!
Re-opened"
Faculty,A16,"Blair, Jaime",2020-07-24,yes,0,,yes,,Please correct spelling - Jaime
Faculty,A112,"Adams, Rachel",2020-11-29,yes,1,,yes,"Hallen-, Heather","Let's add Heather Hallen-Adams! U of Nebraska, Food Mycology

Done!"
Faculty,A1,Name,2021-02-16,yes,0,,no,,Europe
Faculty,A1,Name,2021-02-16,yes,0,,no,,Medical Mycology
Faculty,A1,Name,2021-02-16,yes,0,,no,,https://www.ene-lab.org
Faculty,A1,Name,2021-02-16,yes,0,,no,,Genetics/Genomics
Faculty,A1,Name,2021-02-16,yes,0,,no,,Junior
Faculty,A1,Name,2021-02-16,yes,0,,no,,"Candida, drug resistance, antifungals, genome evolution"
Faculty,A1,Name,2021-02-16,yes,0,,no,,"Ene, Iuliana"
Faculty,A1,Name,2021-02-16,yes,0,,no,,Institut Pasteur (FR)
Faculty,G203,"Pawłowska, Julia",2021-05-29,yes,0,,yes,,new website: https://ibe.biol.uw.edu.pl/en/people/pawlowska/
Faculty,D246,"McDonald, Megan",2021-06-05,yes,0,,yes,,Medical Mycology
Faculty,G246,"McDonald, Megan",2021-06-05,yes,0,,yes,,https://www.researchgate.net/profile/Sarah-Delliere
Faculty,A246,"McDonald, Megan",2021-06-05,yes,0,,yes,,Sarah Dellière
Faculty,C246,"McDonald, Megan",2021-06-05,yes,0,,yes,,Europe
Faculty,B246,"McDonald, Megan",2021-06-05,yes,0,,yes,,Institut Pasteur/Hôpital Saint-Louis (FR)
Faculty,H246,"McDonald, Megan",2021-06-05,yes,0,,yes,,Junior
Faculty,F246,"McDonald, Megan",2021-06-05,yes,0,,yes,,"Aspergillus, Fungal Diagnostic test, Resistance"
Faculty,B101,Ulrike Binder,2021-08-24,yes,0,,yes,,Medical University of Innsbruck (AT)
Faculty,A101,Ulrike Binder,2021-08-24,yes,0,,yes,,Ulrike Binder
Faculty,C101,Ulrike Binder,2021-08-24,yes,0,,yes,,Europe
Faculty,F101,Ulrike Binder,2021-08-24,yes,0,,yes,"Mucormycetes, Antifungals","Mucormycetes, Antifungals, host pathogen interactions"
Faculty,D101,Ulrike Binder,2021-08-24,yes,0,,yes,,Medical Mycology
Faculty,H101,Ulrike Binder,2021-08-24,yes,0,,yes,,intermediate
Faculty,G101,Ulrike Binder,2021-08-24,yes,0,,yes,,https://www.i-med.ac.at/hygiene/forschungsbindercvv2.html.de
Faculty,A1,Name,2022-03-09,yes,2,yes,no,,"Hello, I would like to be added: Neta Shlezinger, The Hebrew University of Jerusalem. Area of research:  medical mycology, microbial pathogenesis. Key words: Mycoviruses, medical mycology, antifungal immunity.  Lab website: www.shlezingerlab.com, https://zuckerman-scholars.org/lab/the-shlezinger-lab/

Hi Neta I can add you as an editor to add yourself.

Thanks Jason 🙏"
Faculty,A1,Name,2022-03-09,yes,1,,no,"Meisosis, Heterkaryosis","Hi, I would also like to be added,
Eveline Snelders, Wageningen University & Research, Europe, Area of research: Medical Mycology, Genetics/Genomics, Evolution. Key words: Antifungal resistance, fungal genetics, Aspergillus fumigatus, Self non self recognition, Meisosis, Heterkaryosis, CRIPSRcas9. Website: https://www.wur.nl/en/Persons/Eveline-E-Eveline-Snelders-PhD-MSc.htm

Addres you Eveline
Marked as resolved"
Faculty,H247,"Rhodes, Johanna",2022-03-09,yes,0,,yes,,Intermediate
Faculty,I247,"Rhodes, Johanna",2022-03-09,yes,1,,yes,,"Thanks for putting this together - great idea!

You got it. Sorry you were not already on the list. Thanks for helping us crowd source the curation
Marked as resolved"
Faculty,G247,"Rhodes, Johanna",2022-03-09,yes,0,,yes,,https://www.ucmerced.edu/content/katrina-k-hoyer
Faculty,E247,"Rhodes, Johanna",2022-03-09,yes,0,,yes,,Medical Mycology
Faculty,F247,"Rhodes, Johanna",2022-03-09,yes,0,,yes,,"Coccidioides, animal models, immune therapies"
Faculty,D247,"Rhodes, Johanna",2022-03-09,yes,0,,yes,,Immunology
Faculty,C247,"Rhodes, Johanna",2022-03-09,yes,0,,yes,,North America
Faculty,A247,"Rhodes, Johanna",2022-03-09,yes,0,,yes,,"Hoyer, Katrina"
Faculty,B247,"Rhodes, Johanna",2022-03-09,yes,0,,yes,,University of California Merced
Faculty,A112,"Adams, Rachel",2022-03-09,yes,3,,yes,"Alastruey-, Ana; Alcazar-, Laura","Hello, I have a few names in mind:

Emilia Mellado, Instituto de Salud Carlos III, Europe, Medical Mycology, Genetics/genomics, Azole resistance, Senior https://www.isciii.es/QuienesSomos/CentrosPropios/CNM/Micologia/Paginas/default.aspx

Laura Alcazar-Fuoli, Instituto de Salud Carlos III, Europe, Medical Mycology, inmunology, Azole resistance, Junior, https://www.isciii.es/QuienesSomos/CentrosPropios/CNM/Micologia/Paginas/default.aspx

Ana Alastruey-Izquierdo, , Medical Mycology, cell biology, Azole resistance, Intermediate, https://www.isciii.es/QuienesSomos/CentrosPropios/CNM/Micologia/Paginas/default.aspx

Slavena Vilkova, Hans-Knoll Institute (DE), Europe, Medical Mycology,  host fungal interaction, Intermidiate, https://www.leibniz-hki.de/en/staff-details.html?member=846

Margherita Bertuzzi, University of Manchester (UK), Europe, Medical mycology, cell biology, Intermediate, https://www.research.manchester.ac.uk/portal/margherita.bertuzzi.html

Sara Gago, University of Manchester, Europe, Medical mycology, cell biology,  Junior, https://www.research.manchester.ac.uk/portal/sara.gago-2.html

Teresa Zalante, University of Perugia (IT), Europe, immunology, medical mycology, Intermidiate, https://www.unipg.it/personale/teresa.zelante

Cristina Cunha, University of Mino (PT), Europe, Medical mycology, Genetics/genomics, Junior, http://www.icvs.uminho.pt/about-icvs/people/cristinacunha

Thanks. I’ll add these names - appreciate the help curating the lists

Marked as resolved

Re-opened"
